Address,Amount
0x119c7bc8eccabe20766544b54395ccb7d228bf0e,60
0xcffc6e659df622e2d41c7a879c76e6d33f37925e,100
0xa05dbcabe51aa9dd88020fc8c336cc8ac17c482c,220
0x6306fd142edeca18a64fd7dbfb425e083ddce973,16
0x519d70f1bc214e10a3fc502e9ee3a36d490a53f0,3
0x33ebb62dc9ddbf6b8f3c0efdf5bccc2e7ac60211,15
0x5ebca2211dad51e9f8a3672d2a75e1e1d371944e,3
0x3d9b0a7ef1cceada457001a6d51f28ff61e39904,9
0x9cb5244cf244a66f4f9d8c20927410c8691c6019,11
0xcddc0759d8fe66dada09708d3afc36929e07402b,17
0x758e83c114e36a28ca1f31c4d2adb5ec7c04c578,269
0x586bbc13acd607d53ab44a1a6e56f564292742e5,600
0x5220dcff120e00cc238945686277f0e50782a22d,108
0x7f244b252922349aa6cd5edc0f56d1f59506fb6b,215
0x65c054647f781e6103746ef5e67aba3e091cf00d,14
0xa7d7ac8fe7e8693b5599c69cc7d4f6226677845b,9
0x42db18d76f0cde2a2c6115017f177fffae4d5409,59
0xc4213ffb2c152fd9687bbdb97b8f49a307ad9a47,5
0x54548ae55502086c7e046ddd5226c30b6c2c22ca,62
0x80b9aa22ccda52f40be998eeb19db4d08fafec3e,23
0x018c8a81cb02ca1a327baefd400f75f57ea57ba2,9
0xf13f7bf69a5e57ea3367222c65dd3380096d3fbf,203
0x4dbc571e60c5469c172b3b5319e764824f95bcc8,691
0x20134bf3fb2c960bbf6195ab43d87efb7dc042be,17
0x2b3fcc3c54d5dc4ce78f04910cc6ba30411e708e,17
0x0c1a3e4e1c3da4c89582dfa1afa87a1853d7f78f,335
0xee3106d27e6e9c5b329e4d39213eff3d5698080e,28
0x17c74dcedebe77a430dbabb6358c198229d36418,34
0xf4923ee86af285ea74df3f7360419aa30b471877,33
0xb5d26158102181dc4ceee75f260a60debd752e45,55
0x0d0bd6469be80d57893cf1b21434936dfaa35319,5
0x214d7e35cb265c416629d209e35fed58e252afce,6
0x9e0bf7fd04960e337298175b0ab1b1d5efc69b78,4
0x00ab97c782c661fb3d08c96dce06176938101211,10
0x5bca4075dfc8065235cf75c6b15b410e62845fec,14
0xb3ffd0f321abde1740f6e13be273348baad24291,12
0x90f15e09b8fb5bc080b968170c638920db3a3446,213
0xb4fbd802d9dc5c0208346c311bcb6b9ecff468c6,3
0x193641ea463c3b9244cf9f00b77ee5220d4154e9,9
0x1fb15dbaee24cd07887010960eea11540ef21da8,16
0xb44b8f1f521d4b0f6643481eebd43e4583232c76,4
0x56f5fc7ac3649a2c2af70299d64dbd1944df97f7,47
0xf8bac8af88da77f8101caf99e52c0f5a12b46fc7,10
0x0b60abe5886bda278862b4cc03a80f502246f793,10
0x0b1a89664970ebeb16d6a1a039017049eea45a20,25
0x640471b47929d9b43acc01cb36d86fa537f2876f,269
0x873f826cfe2663f078674e0fe01e6940deffb97b,8
0x55f1b72d43d85931c58018fbd7bf9d9142443216,4
0x41796be6fc882a4da5bba9ce17089a1ad1267e18,1
0x082bd11260ca7ade9145ade484262847229ac51e,2
0x689773905a0984e9ed727eb8363106adfe4d59e3,42
0x4cc08d4440ff49d4403159817868916e8a33202f,23
0xa811c417506720d045523c76cbf448407301a595,210
0xaf2fea8278222a8ab0f98a6386dcbe48b746942d,1
0xe11bf8c9d4fd0dec48f0c8e54c7083f3fed8ee5c,45
0x000149026f7deb08734a6c7e66c026c445acac98,3
0x762c8b9ffe6b8b34c8667717ec9ba07e53af1f7b,146
0x6281559f11b64180700b3ebb3796f5da2e678f2f,3
0x9eb366c9e226c1928578b7804bcc7042502febc7,41
0x2ee748a7e5975984caa20cc9d02cc83d5a1947a5,2
0x3f44e3c4ea8473fb96aea8967c1d35e05ca7c932,3
0xf54008f7b86bd6e5942623ec4744bba3084afb69,2
0xc47fae56f3702737b69ed615950c01217ec5c7c8,20
0xd9d7f6273ae21548e167ef7174df6d60e974c023,1
0x58a049263e0754cb51a63248c34ffe07e8434899,15
0x384324a2fb783cfff8d0f5ebb3f57955ffb8d565,3
0x56b496731e46cb5e4bfab47dcd58717e70441b8d,4
0xe0fab13e3a5fc6d7becd6fbc93e36250375491c6,3
0xa376466cd91feaab2b18b50ba00a5fdf4b70a8a3,15
0x261b013b82cf1f4f1d5572f40b42679e0dc5798b,1
0xe4032633726549c64988ceb9a9f5333a4666a960,20
0xbc4ff71f3278c125950382bce1aafba1238af288,17
0xccc8530c0f21f8a3eeb247d183a2f6c23cd96218,31
0x41b7d5bd3bb528f1358aaca73cbdf2cd7b34d966,1
0xcba504f2c4441edd3e6ab57a65da413fd4ceeb8d,8
0x74725834fafd09e55e8f5b2e6685f376b7d5ccf1,1
0x2f478ffd6610eebd07528f9e31521c28a042812b,3
0x41ed288dbf8493310d2bd57067c226a96610d2f9,2
0x24aa59b9967d01ab1021920f7ea92384671d13cf,34
0xa0eb44b173af64f2fdb47c7d76ff3a33e04103b6,53
0x4b0ea10eb7536b6fb2ee3eb30b405440d5802fd2,1
0xee650f5599bd48f27b29b254a4c45322a755c6b4,1
0x7701832b38c4af966b4b171b3e15cf8208042a4d,8
0x511d44830b7ee4193a7c1ca75a1f6780310acb6e,2
0xd80adf681abe30a3d644db1daae9abaa2d25a895,37
0xcb583875172207b678f7c235acfc326e4a991058,1
0x97d041ee446d07692f22aad77801b37db7724bee,6
0xeecc0e50b64cb4a67d98cb5fd1bd7e87b6c1bd47,6
0x917aa1fe4ee8154ce8c4eeb8f4768ba615245799,19
0xc94b5812c25fbfc5d0186923f6db62c761f0c3c5,3
0x1ac5c7a8f41d78849d73f13ecb8238869246b8c2,1
0xf666bdb989cbf4888338703135cc542bb69be763,7
0x2a3d78ba1f689c5bbe0c42291f25eb8ca7d364f8,7
0x55bdb0ae7ece7716177573047f04336de16b1607,131
0x96058fd3a91945ba5aabffa8a898169f61d87a4c,10
0x2205b77e132072a86248799549009f58a8f10e55,10
0x68cbe93eee39213b5b18aa0d3c8600139d563007,3
0x84bb43e080098639e3228939cd73480b4717b39b,11
0x16ce1b15ed1278921d7cae34bf60a81227cfc295,2
0x162706019035120a9fa30767a512657b39a983eb,1
0xf21c5548a9d31722b125ede5c3625deb1da02ab6,1
0xf578475b51f9f77b2421c321d4c0d530942a5448,15
0x8dc55ad7cff84497b0d29464aebb133b18f50531,1
0x4d7c214185408241ee8e34efa74d340b137c249e,12
0x1a0a1be34501dd9b858f5c980d150859b225b695,4
0x5286bc17220d51a36e55f5664d63a61bf9b127a6,182
0xd95ce06415bebfc3219b699dd2afa09aca38e70e,8
0xbb05755ef4eab7dfd4e0b34ef63b0bdd05cce20a,13
0xd50ec16851b00e48333699d66856207a416819f0,15
0xdffd8bbf8dcaf236c4e009ff6013bfc98407b6c0,9
0xb2e925c6f7140822cfb5934f2514abd1b635945a,26
0x8a70f96b5723321f751dec871870f67c4f17e012,12
0x35e58542acb07f8ba1ceb4ce4b3a7a5730df5800,1
0x917b40926c7cb57f356545f670bae91e9df75b53,1
0x91dd72d8e2f819eecc3d4f6538e3aad11d7d01cd,1
0x1eb4f5ae6e14f6376b7175656994f58cea565c0d,1
0x833634e4add904be71635bbcec6e3a5e152683fb,4
0xc0728216524a8178c661422677463a95de237e73,10
0x725fc8fe91dcf9343dd80342a93e45f2923c7334,10
0xb62f80b005049725ff707174a6ffa7b4103fb434,18
0xbb3700d6a5e8a8f84c34463c4052b215411856ba,54
0x2ca59e84a6dc0172a04a5384d1dea27e193b5295,27
0xf6e739de9916e884d3c0b917de551f60e4d8fd89,1
0x977469bde563c277cd0e92326126413043f4bacf,9
0x10b316e9a7ba5f6779b614923904b7ba438ecd4a,22
0xb72848f2803dedc263b9777517959c048022cf11,2
0x11ff58544aea8bdcb28eb350644d331b6f5a71f4,13
0x930e11d6e415f11afb687bd67abbad1791888888,1
0x876bba100e520a5552b13d8924b3fb86c9ebc8de,40
0xad9816a66b0e5714bdb61c2fa3b8a83c99f388cd,7
0x6ffbb6c376d0cf590289671d652ae92213614828,11
0xc13456a34305e9265e907f70f76b1ba6e2055c8b,3
0x934bc64d8681a4fc385da636c8b2c6ca7ecdf3d6,1
0x2af809a52829be6f6d53b9d8b510b4ca162166e2,1
0xf42872ade396ecc2b104005cd3fc0841a6eed6d5,82
0x7c6cc4fc9f054f851aa9ae3577087f00e017db5a,39
0x04c291e8288dcd44cc4ca058d13068117db11781,1
0x1bc836f5844c4e257d19f11da540b051aa550aa4,10
0xb6cf3474827e5091d9acd84e2e4bcf749d639785,1
0x7a1e2a610b02e84c34cd2e6c337aa90b9547ef25,4
0x02867162102172193ed3f6f9d2bec20a43e65b7e,11
0x4a7f1df9b2c3801198ac7c28c93a4273b821d2d0,1
0x1b9881274ae40655b0b1f41d733299bc90e360a1,1
0xd3e30d4914c650cfa94f6b32f8c240c763f2d389,10
0xd31d839a569caa378b94e78fb2ea050ca2c2239b,1
0x7c44830483eccdf977d87e78bd3059f2deebf19e,8
0x20d3731362f3fa892c0d5a0585385b2e0b304a1e,42
0xd8f0d4f6f0b3dd3f9ee040f1d99a4f67962c97bd,3
0xa4ae1722a5fb118a09c29704099c56b4cca1fefa,2
0x461e76a4fe9f27605d4097a646837c32f1ccc31c,304
0x3a4408c8b3b6733f5cf495c997bd3658466a8c8f,2
0x9fbb12ea7dc6de6503b35da4389db3aecf8e4282,48
0x5b0a9d1445392f1b9e739be8a48f72ff5029e927,1
0x4c09e512b5b8d1eada8fc07ef45406e4623d7fdd,27
0xcf143b0e9bcf524511d382684c63d786e41763b3,1
0x301ac3099ec0ac934e751dcec1a97cea2c33c94f,18
0x19dfdc194bb5cf599af78b1967dbb3783c590720,9
0x97809018df52cd51b3f7183a7bc2f7b097410e25,22
0xdf974829f6d977370b21e065ae445390cb9d010c,14
0xef5e0c0d4829f310aa649576a4f382fdc67b1f2b,1
0x37f993a408e3bc31bd7483b3cd422e135c4f988f,7
0xe3446087cf205fb4188b733cfc3a72789316dfdd,11
0x822ee635aea13af0fd00510d0cea3f535e77e0f9,16
0x9d576ac210f3d07a3302d1eaf171663ad8fc8ee2,2
0xe89f71e91dafec474ae97b8baa53029b30a5e9ec,15
0x86a15feb3da784aacd0d57e119f43c114db64fe6,2
0xdd08023fa5650fee24caabf8649f5cd92cff9ed7,4
0x8cf50f0b580300d4b350380c00b68a98dba5b43b,1
0xd2a13231efe9e114fa039d6ec7a008b6a645c2ca,1
0xb6ab9ea5e00c6ea7dbe73dafa68a89882b543730,10
0x119b6e5286bc1aea49530d9e88f38b2916ece24c,9
0x98b009e4f99f212b8c9f6ccbc159af5dc19b4960,13
0x335750d1a6148329c3e2bcd18671cd594d383f9b,90
0xef9b5ba358ff96063af543c35c027a3d4c238c67,31
0xc8312f842c20bfc59301cb6fe0e7683a9107fded,19
0xf16688ea2488c0d41a13572a7399e03069d49a1a,17
0x8f8535a63c308c8fb2685c39fb5adf390bea86d1,6
0x4103a69d709b9a9b4d2c50306f513fe9fc4a8995,30
0x832f8d456de30373cc9d1acbd9b7b079baf521b2,23
0x90518f0cd466eb95afebea9e1e970eea1dcf587b,20
0xeb432905497d9ed2f0a8a9aac9053a0108746c1a,15
0x8e3d6c8f591d73ebcf79810ebc4b3adf829d2fb6,35
0xbebae7cfc138be7547ff7c7eef7dbdb25c64112d,6
0x1db578913a7d9d8db026bae54ddc9aea7e5a05cf,3
0xc77d249809ae5a118eef66227d1a01a3d62c82d4,1
0x92b39e4c14a00a3fb4f0a347237b35236684b458,2
0xfcfa2a68d480dd9dc4c203e0419e610eddf28242,13
0xc1fa63bd4189a9c49a30010b6a3ab11194a95842,37
0x4ddaf2f5f89f00010b5bd1a7ebffb4b0fee4cb4b,3
0xc9e75e27899b3dd34c04e466e8653e79ecd6d23d,7
0x0262408c46374f9a04cac192f61277eadc16103f,2
0x5fc261a00329084bae5738b586a13e903ed8da1b,1
0xdb18957be8fb364e2f293e7ca6e689dc55991688,6
0x4a228f14d2130e8e4636418b52aaf3d6b4e887d3,5
0x60559b4cc92292b589ded75295f5331adcc69e04,4
0xc3f71d25b5b15a6bc0d1b233c23e2ae31334fa6f,2
0xfabeba797c80f901e4f00d547fee6d645141c94f,5
0x6a191c11fbf567bb19f554393662da80d269be91,14
0xcc6b139279b60f53386dc98d51e5f7aaf8e5ac4d,1
0xbc191920f303f7616fff4a8a8a24896c35b0c7da,9
0x29a031f1f19a04f341bc941fc84c093f22334a9c,19
0xe95c621e026c605b80f51fe02cccbfa389689c6a,13
0xce312e4d297fed6c41630dffb6f0463710190a9e,3
0x6493ba524e019eb6cc987b5da319b91dee8b6a7c,2
0x921442bc938dba03c841a20d4955177e65d10090,6
0x4b2c52444c5e50ccbde0d410af47ff9ab5008f85,3
0x0b70cc5adaea9b0ff501462aca230977ac98a37f,11
0x0a3db8ec24e955ef327dc370cf502c08eed8e192,11
0x38aa2684781ad05d8b382bfa7c0c66fa8ebcd4f5,27
0x01ab4a84d25d6cf4c944d3439199a174383c970d,1
0x4e51f68940fac327b2f018b6b79109031031fe8b,11
0xc67480c97d15c55cd71e541914b2baf5a5ec2130,1
0xd2d0b309132344bda0c75032d794b1da8d6144a6,1
0x34606e4d14bfda85c5f8314931c833755fb964df,20
0x6815103d4df3a329374b838d9316c1889064fae7,1
0x4540cf740af9b51eeb2e28c9587906b8b1df3d25,50
0x9b2587f78a73a1070f45e622f1598c2c115cb972,5
0xa2dd06fa23544f0760eac3e2ccb55e4a1f7a50f8,1
0xf0cdb2de342184d43bf7a457a3391eb34f9e56a7,3
0x5cbf3dc9ec8694e29f85505be9ed39cf07081cb1,14
0xcf7e20d25b3624ad7e6e2feb248fc058b77a5272,4
0x5ac382be2292acf0fa7d8bcb7d36f1185b06dfd1,2
0x9da0f35bfd20001d3e8ba4ca13040069a9529d4d,1
0x3ac763ddff77de7eaf143908cbdeaeac2a55dc0f,1
0x857f58b6afde4bcbe9b86409242c146f0d0de31c,9
0x5eccafb30192ef6bcdcdc63ef1f779cb4aa2a061,1
0xfab55a4aaadc42cfde36ef9acc4e1ec1a73dd4cf,1
0x3aff5ae7a64450f96425c90c4ba928b9db8fbfc3,1
0x86c6043a8d331d4cb24faca1e18638f14d651520,6
0xfc961534a0a55b925db2c5ee546c8a019c0d78d5,5
0x4101e0c0989eae6a240fb61256a782afe67373f2,1
0x535fbdca6b64121e393ca0f90037c209269380bd,4
0x5f2cbc511ef0a92a473943672a7a97028ababc29,1
0xd58ee1c9914c0dbd045e0929b01c97f2061db42c,1
0x33dcde3a53d901a39c0621f662065607ccd56b4a,14
0xc913065b539208507ecea3da3898f97fe10bcb28,1
0x549287e6465428408dac7c5fb0c106dbff1efe85,2
0x9da579b20cd241731c3594d45c5cbc2bbc081d0a,14
0x513aedace44cc9a0724ca276a8ceeee950903576,5
0x78fd06a971d8bd1ccf3ba2e16cd2d5ea451933e2,14
0x5364030b7e8b2276fc04b97beb71bd699a71c419,1
0xa1d3aebf32163c96ef9a5ebaa38981e04ea41365,10
0xef34f0fad2bec63a7d47d4a2179b3c06fbe4abb3,5
0x9325564ade7683706107685cf1993678b1163261,3
0x6f0d7d31f8124621a91c7d27803f60dbf54e42bc,19
0xf2ba9e4872f03a72a94f8c32e87fc0f2981e19a8,8
0x3fc113d0e2fe8dba815aa373906f63c171845d40,16
0x7798ba9512b5a684c12e31518923ea4221a41fb9,11
0xd9d836ebc67abeec65b29e586f89816dab991f69,34
0xd54d23200e2bf7cb7a7d6792a55da1377a697799,10
0xaeab1aa832cbab4c45953c9b64c05956f4a537e5,2
0x6ac0a3cd8566160122269b1f585fd77be0f38f77,13
0x01e4e2336c28def39c58098893d8ad84b9f1b9c7,6
0xd200cd375fe03d9eda297b3bac32d0c8d5f28495,8
0xff634f9ed1005198f3ae614328d2274c97e97b56,2
0xdce9609a7a8acd5e803dd04a262a808d91736d11,4
0x469903cefa6b5493d44924db3f2cbabe8300bc74,31
0x9b6e536706ddcc6f1cd1d51e198f5bed84085f21,4
0x2b5233fa7753870a588dcca95e876f4c29470889,1
0xe5964fd10170c8291cf97552284d995a006e67ae,2
0x9a9220054cd43a6bae5d7035581f27145c1727d9,5
0xaf2acea6ec6b5411a66ebbc3a2526516048dfc35,37
0x465e0587f58942111f0ed2fe108a0c64b8bdc10c,5
0xb09d345da3fe50cb4b19792b4f15eb96f51dbf68,5
0x6369460b015420c61a3a75c3e9595c81d0b94795,13
0x4be16253dfe338e7fe6a36bc1008f720183c2919,3
0x2e1145934acb3d346c2774ac4878a198d12223cf,9
0x1146f36cf74fbb2971dcda652d0a3f4289a39d53,2
0x4da4a2f69cb2f61a49efb7423b1f093b79c6f1f2,18
0xd719bc8dd2702289278012278d6b6b8b808b3311,1
0x63eeb58ead8bcd262b2ffde287b36a3533be89f6,3
0xf5d0318692f822680b733955828a25507f031c95,20
0x70a9c497536e98f2dbb7c66911700fe2b2550900,13
0x7bfee91193d9df2ac0bfe90191d40f23c773c060,21
0xd05d113669355cbe5ac7c4e466eaa9e3e87e8054,3
0xe2c2e919a35e1c012f5ffcc77574c9037dd9521b,3
0xe3c5f195efb34d723543d8bd5bf85a910a22852e,11
0xf5670ea8317e037d6fe14a4cd3c6c383ed2ff3e9,8
0xce797b56f9637aaf4058c38093949aafbf48ef57,1
0x31ee9111f4972cdbe483979434c260e168b12743,2
0x0db1f475e841948777eaaa6519efeb6e4d01648c,32
0x0e569d21238a29d82acbee5e51c717bac80a2dd8,41
0xdcb4d67d6400df01733a1aaeb4d7d5bf54fffb32,6
0x97dae929262003711ff1f91f707464220664b4e9,1
0xbfc016652a6708b20ae850ee92d2ea23cca5f31a,32
0x3e13a696fc535c83791b0920d940c4fe9a49bd1a,4
0x5d4d3fae4d0282fd8a558b5f42ba700974cbfd1a,16
0x1c62c89cf3f57eae7d61f1490c985ee82452752c,11
0x1bc3e2c44e0b2dabb1b06a1890273571825d3e03,20
0x30224981a4b5a6e2938d0a62900f77f90a2a0c24,2
0x01d6fe5ba53012cdf10e066d3afc21d557e891d9,14
0x43961f20194c1a27888386f8547b91ac23f9d8ae,10
0x08df65a5a9c110c2103c0c3cb4a05affa44ccd9c,3
0x87bd5a0baddb682bee234ebeb771b33636ed5667,11
0x8155b89b9eff2ac567cfc4ea4a370dadea748902,2
0x66d110dc5f5ec25908562032b035dba4d4ae519d,4
0x11d67fa925877813b744abc0917900c2b1d6eb81,10
0x3fe5041f8ff5d8efa33087699d95bee807a44940,1
0xe6ee2c5aea8e43ac55d92e09f6b3be36f7c0781e,2
0x864de5bbaf4b8c808e94a8385b95b0855d170137,3
0x134f240827dd4b047942589998a163a2a1002f1a,1
0x61c867415416e394afaa51f37e911aae79f79698,10
0xa4854a30a62c0c5a62ccee9582a2efacba5d41b1,10
0x5ddd870a9c538d8632ef383079b4cc8fb4cbefb9,11
0xa716c2ef62b60cf82b8119947030ea7e26a39908,10
0x7925cb64d1ec47dc425704d14003239faa263512,2
0x344d5a4da2329a885b24aec4c8937e20cd67b112,3
0xde055950ccaaf115c8d76b33e6503ee403875ccb,1
0x4127d8fa1867d829c48da4ad93506fbaac44d564,1
0x79092a805f1cf9b0f5be3c5a296de6e51c1ded34,22
0x14b184cdb08a4c7f02568469c5f48d7ec43fa694,2
0x22892d4d59b28c530d58932504b666388c125566,17
0x0396f54bbb5a9d56d860370a1ca357d18b2131cd,1
0x828ef26d34c64a6210ed38b8807805312fc8c9fd,10
0xec0e86cfc63c75cbfdf18110472f4ac4b6506938,12
0x951b6d50d07c39b0f97a7bb2f5c1e96f07a093d3,5
0xce9937270381bab20e66ca10b148efba6a7e72f5,27
0xe2255aea86b7b11ca757f9721478008c599d4014,4
0x47b20272ebee4233aad387dd88aa80ddaf55032b,11
0x580a5b2f32bd14af9da1e01ef41feb754f78c350,11
0xac0d880cfc60204f21b9189147d6929ee268d92d,10
0x8e99660e082bf2dc605462261d2b53d37762234b,12
0x95b2b6302ed23a026946637a30010d792375b4d5,4
0x427634084fc822edb362f368cfdb93cf2abf143b,5
0x2f98ec7bcb4959b6fa2395007b42a89ab36c5704,1
0x4e42fbf973bcc273d42bbcdf854c5d033f7b712e,2
0x5767795b4efbf06a40cb36181ac08f47cdb0fcec,6
0x9b139f8d81c34667764e9db1d21f5472d9be1d4e,7
0x2cafdbbc0031eb38e3652e2443d2f22e66485f5b,10
0x0507b3ffe3836ad0f256f3d53b8fa7653e54e2eb,1
0x0c7999141ed375808aaf91c52e83638c8c1b66ad,2
0x0acc5069431c39bab107c2f4de1ff9e8160dadb9,9
0xac1186397eb46f99f695f2c29696a491b1572034,1
0x308b07f6c8e7eb092df161ba936d1bb9e5542803,2
0x65f38ed99de557b0b3484eabaf96042e62e30a0b,1
0x7aace692a97f121aa21b70d94dcd641a07d32064,1
0x09cf491b73305bedcb9c1eabb5810a40ff185d7c,10
0x2e0a1e0a05000928830f6d5aab055d2e0d2f3360,1
0x2930fb8c544041497826c65707adc8df377044b4,1
0x18eccd7a9a4d111f5d9d3044bf77a20b064822ac,1
0xdc5cea9e44f9c2fb85eb895f9164f755ca7931d2,4
0xce33387c5923228214e2a6ba9eadb1f26bb8ca56,1
0xfe8427a949048d14bb26778fa1253d79aadab6ee,2
0xd1533820be9fd2a52c464b05f41fcaa423416461,2
0xe468e0188041203f1617e8d08735c8f00b54d352,9
0x38daea6f17e4308b0da9647db9ca6d84a3a7e195,8
0x2337d8379434ee8b488175061ee864e92fcd67d2,5
0xd9f503d5e1f73fb65bdd78622c157beb4247d758,1
0xd84e11bee5d555ccd905817cb8cbbd5b6e6c4f0d,11
0x21f74bb7dde14b2d5da36df2d57aaa891e3a0039,1
0x4978c1c5c69bffaf364fec52be1132ab402011dc,2
0xd265d33d1e407d323ac81bddda4bb5407e2f9e23,1
0x27f930c9bdd96dd10e62041704463bf87fd9206d,1
0x6d325d7a12ed072758b90d53615e7a283ab35bff,1
0x6ab8d88e2f5e373e2e2a6cda861dbc477becc57e,3
0x7fa32e98c5f3c8594de1785e23905fb0c74bccd7,3
0x4ca57369d14c812971ce8bf591af228aa97e0b6f,1
0xf604712da5b6852b81773f933be5cf8b2624c9b6,5
0x55adce4e5e51d89409c5156021f5a76c30e023c4,1
0xea4b80733edf7cd9ff897570258e96ecfdd18317,2
0x2c6ca154cf303044ef12e833094f9264588ec051,1
0xbe72d4a70c047adc435be93b7e8ccde6fe431f58,9
0x9e77c738debee50f12cbb692043c752573f9ce55,1
0xb1f47275b57e3288545a21846d45f754a78cef21,7
0xf286e07ed6889658a3285c05c4f736963cf41456,10
0xca41a5fccf73d0793bdf8657ed4010ec40f10f2c,22
0x21f201ceca464377b536ecaea26559f5a84f3d37,1
0x5094c97b322306c30f262d41b43dbbf6def19e72,1
0xf7c04a39e47c7ea9d6888f9389ea85846e22ae1a,3
0xaee33d473c68f9b4946020d79021416ff0587005,3
0xa4e075c42045b2f769c4ccfa69d753fa9d176235,2
0xdba02e330ed51ddadc34fc4745723f792019cb3f,1
0x4415671b5cb0e0870e265ab6cde3a2172a923d66,1
0x3213977900a71e183818472e795c76af8cbc3a3e,20
0x29e1fc14ddef309b808cc2c870ef3691c2aa07c8,4
0x082163ebddbf26e0a5c74123dadae25fe1b614da,15
0x7d112a6724dfe4506a3bbfa29ded117bf8d332a4,12
0x7787760ac1048646e5b84fb7e1bf19a80f2b7f48,8
0xed9b93f41ef782d5ea834bf2a705025cfb66e93e,3
0xdde05da1122494c9af1694b377adbb43b47582c9,31
0xde79aaa2f54160b45ef69e1c4b8fc4c290cd5b88,4
0xf99cfc969cf30e9f715d0226f4b8c0c211efdba7,3
0x8d84655346b3d05a670f78e8fc094f729cc8a682,11
0xbb1a5027643d93de9f11a7eae87d06cc7f6c5f56,3
0x861a2b7d36f21b8873adae86aeb5a02c03f6c022,1
0xc30c04c7dfdb11aa8751e99d1ee1e92223c6bddd,1
0x92ee18538c392361f1923794aa62bd3a6550c8b1,11
0xbf0dc9434b89f6271621548c01c247873ec2c207,8
0x4b35859d950c5a542438914d6853ef781da6fa3f,1
0xd128fae2583740a62d8ad1b37bcf1bd06b7889c1,1
0x5d508ca2ba217d44f4395fb13405761d204c14e9,3
0xe84e6daaf71ae0a8eab1d31b1d2d787361e55261,10
0x950e5bbdadf252609f49b2cd45222cd3280f35d6,6
0x864db360581f8f1f833d56f97876919ea791db2f,1
0x30a2c1dab998c6bdc29ee0f11917da7cd9c9708d,3
0x5cfe3a15c0f55b8c087d5063258a49e20784de8e,2
0xe52c061e37cecad845178fb55e84617339cbc248,7
0xcd1e27461af28e23bd3e84ed87e2c9a281bf0d9f,10
0xfb4931fcfef8920d9d50cd75c776650ee76d41c0,8
0xb94607780d7df0b75a9cc56bbd4933d59b0dddb9,3
0x50e154ad82b3d9bfcfba58e4a6f45438e1f69cda,4
0x127e36c12b7a68a685fec27f752d82b4171e57ae,1
0x7c8f39f35ba890be972d2ccabab0e3dc99a82001,6
0x9b1ac8e6d08053c55713d9aa8fde1c53e9a929e2,1
0x4a401ee7fef089cd20d183fe2510d7bd38294728,2
0x1297ad486549a430d59d9d5f99ed7c216b6e77dd,7
0x657a38e6994cb578351376dcdb077330d00665d6,9
0xddd6cf8d3e028c37bf88bb173624ded9689657cb,2
0x25fdda95197f804316f5ba8dbb66ac173ee19981,16
0x89e4457b172b3fb914a3a3144d40ca9587fb384b,15
0x077b89835d729283bdcce39840df5b063bc1159f,3
0x688be8f1a07eb8e2da1d8c0dea522599129e1db3,1
0x6fb21fe2ee17559693bb61df8144d074d13a9cf5,3
0x23d86425dc90ca01d84216ae8f87d61e6c6327e5,8
0x13fec67da1cc769fe7293ceeb7a5a483424d0d17,1
0x50a9be97ea8cfb0f5a92312b4b966a469bc2ab7b,7
0x00961fa5eddbebc48a19a39d9ea6ef42ed62b40c,5
0xded86db976fc9ae590b75d52b53212f586a45db2,1
0xb524f622df1eca8f947910c83167246e723d11f1,3
0xe8fdb0e8e315e1a92cfee49dc4620130eeb0cac8,1
0xc8a3040b62fcf8e47c34d560f09715fb2ad5e4d5,6
0xb39f5c87e06c201a03a8b1bf9641217c31d8de57,5
0x0c4ab4bdb6dce11e314519f2ce0ff24b59a4e3f4,2
0x3ea3801006cb96d19555cb0dc428f8e41dd187ea,5
0xd537413a3651fe87443526c38977b9ce86448696,3
0xd116ec51ced0a7a49bea6555f90872752448d8bc,1
0x05c7ed1d0bcd1c9006c1c2492243d96d7f8fa0d4,1
0x548d9422e865cf782c6485d175f3b9ad4d34643c,26
0x24db8a0a16da2812b55af4d0f3a8ada8a68a330f,1
0x12d4182b4125fcd4251302c034613daaada66396,1
0x8f0dc000d3d4cec7e8233cfea94c5324126eb5ab,6
0x0c1e99991dd2f7d374bff13f9f52284ce6cfdae5,7
0xd522cd8cc56badbd1e9a84a9f726dc87667ad73a,6
0x6001d26436986706ff19c35478f97e0c43846470,2
0xe4386e93bff9be5d4768a1f92d22c75129851c48,3
0x2e36772c103b32d63aab7063a57b1d7e6836aa9c,3
0x69521a13ccb3c872b10a32c26f57982ae6db4fd5,2
0xaafc963ef7d053154e7ff693dd8cbde67999ccd7,1
0x4d42b6e1f84b449789ced226f36f25e3caf892db,2
0x579689e7e25e49d85b60ad3b6ee6fbfb4bac0229,1
0x5e1416e0ec35b47a6b7687c5e783e9b98a83dd45,7
0x15b3392708755a9f7aac3b33b401d7efa3d52f38,7
0x81db2dfd33b24419f0f715e331f678411eb1ec30,7
0xb1c554ab27227378896a119ccc45f9ef092c50cb,1
0x9eeb25e6c03220b3d03da2f360d61774ef0772fc,7
0x16a3c4ab0db726bee89ad1b563b3eef21c4c0406,1
0x4dc9b50f241644147e32e2ad8b8604d00eb91b40,3
0x5cac7b9236dbb25e040442f5c7839cc4346015af,11
0x96508cde0bceaab2bd439a678e8239833ee240cd,2
0xae9d5811db28ca0f574320046e75dfaf56084e63,3
0x07f7ca325221752380d6cdfbcff9b5e5e9ec058f,8
0x5154907ddd93199a0bdcab7179f4f4d957454490,11
0x627e577ca2ac5692025fa000fa2c3630c1e84082,1
0x84da318f79d4d0cab124fbaf8ce0eeb02e96052b,4
0x0504c4d1a9baf69b45205c5f8b1a7559d23cf0ce,1
0x4e53b09deff702999651f151a7c62091c08f16b8,3
0xa224935d47e2160ceda9f68479f039036b3dc7ab,1
0x84bb7a38ce4b3dab54c2c24997bf00b969fc2d3d,5
0x343ee80f82440a498e48ae186e066809750a055b,10
0x4190d57191c78a91172cf93d4db6a9a6db35eea8,1
0x74ac45c146bcaa47a227c87a32860eb8ac3e57c4,15
0x08de5e275668dbf7c2f121265257eee8c12b0c6a,7
0x45fcbd4e1652c7a1ab9bccc982a7b7dd5613d514,1
0xc1674056bb58f18b07c5f07be0bd76c77ffc40c3,1
0x1632caf53f516da1a4d4ceab90abae8431acde1f,1
0xda7050f39529f216d6c394f373e1d28bf5098d22,1
0x5755f190eaa85d360847f29c8903a7d8993eaf54,1
0x8b611a0747f714f657c0a8575f877ec5ad9189d0,15
0x3db8d15d100471bc37d08d2fc8b581976719e66a,2
0x4f8bbe6170fbeca54b13a5438eac4bb24df81878,2
0xd694b5db4d1bff216e2fe3b3b72cf2f5ce95c56b,8
0x6b1d7b13de7e777d0bcd29f62d29202dbdf504a3,4
0xc16c7063cc555ef8a7b7c7b3178fbbd4fa6cda46,10
0x60d5424fecac58aefd1a071ba225f9ad1b5e4f2c,6
0xea5dca8cac9c12df3ab5908a106c15ff024cb44f,34
0xca38d006b38ee546f2d82e9dd902f54fc6db66b5,2
0x7be74966867b552dd2ce1f09e71b1ca92c321af0,19
0x8bc9240b1ac768a472d0f67f58cfb3646611901e,2
0x0e024cdba8377acf2d83e23090e27f5f8f490497,3
0x46248ca80923570e7f8d7197bff6b6359805bb67,1
0x528561197fcfa03afa92318cb60141498af07521,1
0xda0edbd0bab9ac0f6273a01e261c1e4b482e5cd3,2
0x43b0c926e46f68a4648c9fba4a78ade444888154,4
0x08f035ab1edee2bcb483c430a0a0edbcc7d4b91b,3
0x2d16bf6c8bad562cb1b3cbd87ea7913993cd8e39,15
0x890fb8f13f31bf104c4ee067b5f1f876921d2201,3
0xa106fd15956e85ef8bbc6214103463731b82eda8,1
0x80ef08ed4d3bb1fb6006e515f4126f223e6bb219,2
0xa75e16db7091ead9c8c3f970b20282f20d54ce55,1
0x5f91a14a1f7bc81ea686df188f60271f268aa449,7
0xf5b1ce61ac45e5bfee6a35de8881d3a7ebd45653,3
0x223041e924e0042772f3da12489c232d79ce3b88,1
0x89b483978e172e9e99174768e4f07017f7755ca2,1
0x8122eace425deabf5cbcd0f6d5b7150670129b18,1
0x7f82e84c2021a311131e894ceff475047ded4673,24
0xa7b5ca022774bd02842932e4358ddcbea0ccaade,5
0x15b746e7c8ddee0f857772a70275ffa326072b02,4
0x7096cc36ca466932fb3c42a0a179c28b02e77b6d,1
0xa79bbb21d4cce5efbf9b0179df547e58e56d1f3b,4
0x4cf736107b0464e67b016e31d19577b61a5f511a,2
0xd124524b52053c2710549a359e42d96d1acf267d,2
0xfb631e9ca881bd9cbd717b1d211a420dc32e3352,1
0x8871d9d84603689675a26163dc58b5c7707245f6,1
0x1eb322c016815ee5b29c071586c1b75be5934576,5
0x17fba501df40e83605d01fbef7f68174537e361a,25
0x33b2260b9f039e5ff609dc09338b0b401e14852d,6
0x810753828d591facd149339865a2866ca8416fc6,1
0xff8aa95f7febbcf61204d03f299941ceecfa7c15,1
0x5f44fe1c8b5d0802eda2a9b638c6163ad52d633b,10
0x3c1cfa83f77dadc9b813df020d92fee0cafe93df,4
0x375426b77a6cec4b304d6177c1ffca5cc964e027,1
0x73051a64044fea61a6100eb0b55c9087be32cca3,7
0xf7b18e107eb36797f4ce36de756630b9c30969ad,6
0x60e02332106e680976f75c09f314c4f2b7f560e2,1
0x5fb8b9512684d451d4e585a1a0aabfb48a253c67,4
0x904090e9f5725570d5b4921a3fa94bdd4656b007,2
0x26e2e8a24e867e5e96ea0c4913e659cdc8a97973,2
0xe525b178f1bc9c8907afae4868f0aa74418fa34e,3
0x42ea8f7153f5378eacdc999e5495791200194fff,5
0xe9f7aa0fd19d270dd7d10db5396cc1c5f5195a4e,18
0x52dbb0de897708b5be21aa377e1ba30a230331cb,1
0x7f1156aa350982560653fed03ef0e285ef878b75,1
0xa0ff93b90f8a566418a90a353a0d74fc90419b6e,9
0x37d6258662ef824a4eacd5712546a875fb6f7f51,2
0xe0713369988fb5bb55438b630439f0c1a2cceb30,14
0xeb4db23c27253077fb3080adda6c5c127b0dacae,1
0xd1db837a334b0ca26f7d874917214d3b15d80515,1
0x4007af5c02ea3640bc008ed93d0df67de6e29ed7,2
0xa795185f1a94a7eeac30023bcab9036bea47adb3,3
0x6b630858d23a9d040aef6b712a90cc0e09c726dd,3
0xa61301a5199671ab6c5d2e21c718fddbdab778e3,1
0x768c26e52234a0efdf77a033549fc074a6ff1663,2
0x70ab09dda3e00e7e9865a90e37b1c7b61e0819b5,1
0x243706e13823949dca2283ce5607f618d9d17c31,4
0x8a3034dc09e4d452ed7299feb86a9dd66503a6d5,1
0xf225b5d5b96d5ac7fe2946dd90038ddb74da66b0,10
0x6a8b01c448ddf1cf09aee176cf229c27048940bc,1
0x7360fa12026263e2e3b29e88afbe60481112b553,2
0x72678034ceb50c11fb599f850ed3dfa55edc78bb,1
0x3595a1508cb1180e8e7f50008db1109f5293efc5,2
0xbf10cb116da6f8df76bd7ac645ce9d17ad1f1272,1
0x75528bf6ed683b0ea4823a26d60c4711d6e2f3ec,3
0x8046bbf2bce6fb1365cb9d5253b898df148ae0ac,2
0x8f2cf6a29daeccd027201806f26a76c590177594,2
0x18d1f12613bc57b0577065c49b92fa01ba8e7ad4,3
0x1a4004b897b1acab9951a91ee268be68d724324a,3
0xb25024c421d4f8bebe468d3dc353e07868c99901,3
0xea9c4c841965e7491956bcc61c6bfe740e6dfb10,1
0xd6803a63775e678a346d5c07cf101aa01dd88734,5
0x178093331ad444e78cdb35577182830103bf0061,1
0xfa6a2a5f1bf50d9f22701b3050f478f7648d4b15,1
0x357a15f1d5feff777fb38ec5424cc2605c091fb8,5
0x6216e2067457db699bef940b4e1ec6316b68da20,4
0xbb550d029bd10491e16a6431b740edb9fecb2bac,1
0x38ea6cdd98e0d5fa0b0e4b2e321b27fd5da7bfa9,4
0x1049cfffc2f780ec16d5794b92ae20e10701b3f6,1
0x7c5d6c718bda40099a005af1ed27f0e392a86db5,4
0x8325d26d08dabf644582d2a8da311d94dbd02a97,9
0x25a2cf115a6c5fb9c3b2d3680700766db1feb77a,10
0xe7003d4f740d6bbc2bb0f057d41df36085d8cba8,12
0x9965d0e769f768bc1ac650ecc8e41a1952d4f636,5
0x5abdf1bdf263963601d3cc57d14723465d9fc505,8
0x2897dca2d2c4c168a1666306c9660db5bc8e0079,2
0x0338ce5020c447f7e668dc2ef778025ce398266b,7
0xca90d43a2f3b9e9b356dd0877aced3df05296d60,6
0xee0db089d98dafa516538b336184cf6b135a8be0,1
0xa333e5086f629269996bb6422b0fe78f3781f039,3
0x4e96895d17c151cd5071634bdd1ce765a8a6d511,2
0xb6f904c71d25c484e7f70f17ff9b9b2b2465d59e,3
0xfe8f93aaa14bb3f1daba56d76176144728b75368,2
0x4688b6f3c384c3cffe95c92f599213de4a9fa9ca,2
0x2d4eb91cddea03a2a55ccca343147eca764076e2,2
0x14d62c8fac60d71714f54bd3f7df18433475968b,2
0x44f4d478cb1d4225b83fda680cbcda2784438746,2
0x9acf8d0315094d33aa6875b673eb126483c3a2c0,4
0x900e92c9e789654275215071344a926638b994d1,1
0x0afcbe9e5ef0536fe7b42b68b7b9ff0a1fb0f445,4
0x717e61157ce63c7cd901dcb2f169f019d16c5ac9,4
0x4066bebc057efa6eb1bf780307e24a270abf99a5,3
0xd93e1404d732cfea9f7d863c92efe4e408857b7a,3
0x3f0d4c1ffbb554f4226944be3880697204c0e83d,5
0xefaf4a3ae9683e608e88eaea98e270a377054714,1
0x9a34e98eff7f1b781c42ff496e1e5419bd9f60b6,1
0x66697dabffe51a73e506f463b27e388512ed6ecd,7
0xd792e9eedd8ca8dc9b0e8be85a12c827bcbb8885,2
0x6844a6aff18deee6709d9311e9018bf2f2cc9c2f,1
0xcae240c161321f6473ee35f69ebd2273dce8ad13,3
0x6bb251903886a3a20063d60badbe5c09a8a57441,4
0x61ea9f8ec13c40a638b5d45bfb44b228107d41bc,1
0xa053dbafba05e307a7bddede09c7feb235dc34b1,2
0xf44593dfae05bff213c876a8e1fdcc15a45964df,7
0x9401df71b22eb8fee6d89e25905308c06afb5b81,5
0x7d95d724c44675526383ef0c69b2745e251fd58b,14
0x30eb42577ff644f7da189e5e8c066f1230e8be28,2
0x1263c0f9c1987b368167004d9e466c62fe65549f,1
0x1fc550e98ad3021e32c47a84019f77a0792c60b7,6
0xba0e5fb438b4efc2e904974c1ec3ff67855b0283,4
0x9e0ee8cad01a4dfc4167d077b0e5227e0090141b,2
0x6f591f6fa2666ac48b896ec4de1a755534a50388,4
0x8f3ddf567bff663d61a12a5d5f42f2e6f220f89c,22
0xec3843e3bf9deca69e875f7d233f30f1be61c661,2
0xeb57cdc1596014b99ac4a41fef5a9a67b39c5839,1
0x81dfe2e043e9d46d36edb4a06984e6c8bf49bfd3,3
0x1c9fe33f71a563f497276685d5ba06c0ea5bf1f3,3
0xb1cfe18d6410fda6085d73435b809097c5a056e7,1
0x6f3132060581c01eed77fb03ca3191d64280d173,2
0x1f13a5dc44911ebd98ea1b55ab5b7b2a99acca14,6
0x4f1d257f866db120ad985d92298e677a5c7dd771,1
0x53fa556b0d3a006f05737ba731e3de0e719e8a56,2
0x94ea4bd36c04aef8720e08891d9ec13fcfc6e1f1,1
0x7b7736a2c07c4332ffad45a039d2117ae15e3f66,5
0xc6376540cf443d22cc3c697526bee1f81401e61c,2
0x2ec6584cda27be3dd8dd9a30bbf281a85a7be61c,1
0x87d9c2d9990a9f3a18f1377ff20d9945f9eb3792,1
0x12d1410cca90c51268b77b3a57b64a1afee76484,18
0xd9f2d9ca6c8801386b021838a2bc3cef9a2284de,10
0xc45d45b54045074ed12d1fe127f714f8ace46f8c,5
0x2f59ec62de5f18d4f8844ad89dc8123ed33bdbac,4
0x5a71ccf4d030898511217a88402b05b28b5d11e3,1
0x786e7164a96cc6eff22d2ccf07156518e73a6d3b,2
0xe4ddd22eb4eeacc5384a754f62f04c0d35eacd11,1
0xe86c9cb39b281f9315b0b98cf34aa388daae0c65,11
0xe8adbfeb2112b81f640df743b7919c3d68afc078,3
0xb9d83d298d46c4dd73618f19a2a40084ce36476a,7
0x1d57d74b37e223bd30a6c3d7594f19082cb8fefb,1
0xe03d3ba9b81a9f71a39d2a1befd5587d698b220e,2
0x2e6b39fa488aae0f65c00ad6b1f4a8f724ed6ecf,1
0x270f635c7146c61c7dfaadd1fb97be1e864b8c65,1
0x1370562aef5394097edaf8c6edf07a859e04e2db,4
0xcdedcee9c46284667997eb4d29f8427b696da3df,3
0xd64724f4f02e4b5e838b3a7b3193d785a8d7c1f7,1
0x28a173026fa5b1c8efbac54f289cf37280610cc6,11
0x02d9c2c6426d344653071f7d4a59dd52b1659e03,1
0x6dd6e20a0969782468718d5d8f35defd3d2f1db3,4
0x13bf4152e8b499b15f272fd61eb4dabe88072d9f,5
0x5f20a3d997b2c33eaee0183761b292bd7c49cdc6,1
0x2507487cfcdb7501856909432b14b6db4c512da3,1
0x1ba4f5dfe5cf362efbfd68a5b2c05691f4039cad,4
0xcb0095ca1c0bd1ee7f3ba2ad1b5590fe4dad3c94,3
0xbea645da9c7f6de1f7e287759ccbfd5ab9f57c08,12
0xffe3a794afeb8e8ed5789399d1eda68d161008cf,3
0x573e5cf996812f955565984d6c6e7fb0a6a9f30f,6
0x45611b606b576014c1a5f09a9e8e1e5322779290,3
0x00c09d1c0a02b4af28473d1477f763a22de76396,1
0xdcbc78c7d2b11a9c24fa9057956f8c5c63c27d49,1
0x9aef2f3e572a5297bf370e2d0c469e02b4ac3695,5
0x9b0eddcdaa2da4e9c3aa1d11550cc6389ea2b818,4
0x9db9a11bd146e8f39dc61246c357aaa10f2f2170,7
0x7f3e4d32918194647a5663c7160c8cbc17c789fb,1
0xe92d6cd0caedfd960db31260265cd1dbcda3358c,1
0x83037d633813d101299a84e5b131e19305fdfd1d,2
0xa2621c9994d25162946833d48589b8233a04ab46,1
0xa99c012da16c87e572e3e6a4fa5c58874e02bb57,1
0x1931333392753009366f0b29c6f8d317c3689925,1
0x648e51fbc95e46204de21f0b6887222cfeeef734,16
0xe56507aa1f25588c88aa44d52a1dc29e6dad3322,4
0xd7ca10036c597f01a58369b352da57710943dc46,10
0x8358fc2dd62c00c1a9cd0fcb577309a4cead2471,5
0x1424d691162398a31b0448700165678ed2cb9329,4
0x81fc192f52c9087319df6c7713fee685d6772195,4
0x57c7b56672c5172ecc45bb4133d1d4497d5b03ca,1
0xa5c6e658ecb0392bb290b9c46556d2aa4dd23615,1
0xa1762c0f73ac6141324f584e98e962880566ac64,2
0x83dedbb4d75df6ea216ccf3af93a7995f3ae46d1,5
0x14ce847f51d66b933b539d94dd12d134770e7566,2
0x80ee6ede9e3612c3672bd79d9827e675cf1b122c,2
0x502888f1d88216646b9fd67b54a23b7aabd97f1e,1
0x3e541de9da4dcc73c7cfd225d4da6f232d758393,4
0x418935f26fc4386929aac11754e71403c943f82e,1
0x468de9a987ba5aab0823a0b6f54189fdae83a819,1
0x8f0d393d6fb4948e78202e279ac25c3a2edb1ea8,2
0x455d5295cad12eb2c35c87adce721cb641b5d47c,6
0x9422901f07a5b633a1189b47b108c648c4b252e7,1
0xd6bf9d9079139dbb3a4fdb84b07efc75ea77838f,3
0x57233d0dc42888addcae4288f63670a3f18fe35d,3
0xa2cd74d34383da20f9dd065ae4377e7324bcf708,6
0xc779fc833fe9732929660e3bcd86ce7508ec4173,1
0x41d99f70fe069e8e16c00d827ff58d53ec43e12e,1
0x4f5fe8da30c1c11fe537730940ced62ac37ea371,7
0x570760a4cd80f6ef43bc8103d063e68d291d4268,3
0xeaf245827f629de901faa60ca4eb48f7cac6e41f,1
0x2336ad6e57b46579e16bbea66d6539dbb8e38eca,3
0xb96c2be57c5db42f26d83baa38a5cf34703396fe,2
0x1646dc667cf44442319d9993c62e0ab14f739018,1
0x5a3f9e02e7c35e08a2ee67b31aa678c0b1f5f6eb,1
0x41fd158b853aa0673c0bcb69028ceccaf22bcac9,1
0xff0c9ab27ee4bb684f5dbe47a80c0adda1eb4c8a,9
0xe4fa469c988f2993a9bef0d17f771f25480faa1b,2
0x7899539ae30e434d2d9a20489a0b27b147d6767f,1
0xe499a3b96b1f97f35a78e7809b6bbfb8ce667984,1
0xf1246624ebdacae1e3a576949e39321d0201ecb9,4
0x209834b1f4e96c4d306261159595b24c4cd23541,5
0xa2a5700217a0b97f94b22df34835ed2981c23a74,1
0x6cd68e8f04490cd1a5a21cc97cc8bc15b47dc9eb,1
0x53c9e0e7dade1276cfb869668e80415c5ea8505a,2
0x0101eaee8d0013234c32936963ff504a9954220b,3
0x147b1edd795789f9a62b2e426082b16584a9c754,1
0x4a4d58adb25180f2e36c7429ba17bc4a79a21eb1,30
0x74a148ee387c149f1b89d542a0749d4d3e32a351,21
0x40809850c91f815b31518f8f7d4d97a1bf3a2cca,1
0x77f040ffa852e21c907f1031170880f43cde3357,2
0x53430bde5e57ed878406a20ca101b0853f173acf,7
0xa465ce9bdb750ef8d5d9df09d767261448d31ff2,2
0xfa2a0d043649eb88cd9c1af611f3434d4d61a101,6
0xdc7b98ce8de56ff665fb61235e62b41584c19fcc,3
0x4a98c5763fd1cf17be983d093b55549e77b27d68,2
0xd1116bf082416d2ea6364f18566ddaefed3e9717,13
0xd2d4867b8886c0cfc3de5ccd5203ec66c6183764,14
0x37c1a307c0a72eab255f75fdb18e0a03dda0be45,1
0xbbf829dc110773efd66b5fe0810197d52188e884,1
0x0f33f35c19768d8ea50080ea8cbed943599f7612,11
0xb5f4af1a4b5021ae10207e1c2e119ce8249b3007,1
0x2fa2cf37b1a330389b1cf8b985f71ff76a980ac4,1
0x8b718ac97e10f8c85b8bb7366b5ef1fdf25b014e,2
0x26c9fc612b005781127246bbc5dc39f823e3106e,7
0xd84c95c9a9159e3ed68bc5cfbe8542a63bc86d59,5
0xdf4ace29970d2f2aa44de82f708755d27f5234c0,5
0x609ec0675f67cbbab7a3f32c6a4d14401c711227,2
0x264827b8dd1ca3ef6afb080241b3d3d8de8178b3,2
0x7e0a6f814a57e1919f60525294d834b7532476a4,1
0x6c7d9819dfd6dee262d3cc3651ffef74931ae293,2
0xc12a9f690aff7134f9d7ebe9265e78aff6ae8aad,9
0xdede79c2cde2586231d533b28d49c895395a6a4e,12
0xff8fa9737169903feb053d6320d7088cf6ec861b,3
0x8b742114c2dc411b41d16d175767889f05aff98f,1
0x220d482b44f0a5048cba7719048bdcbfd91b3c6a,4
0x7f0297bc2a3dc75cec24385324bf21d7236c8220,3
0x00ae3db5418f6eac5305e72ecc853838e9ed3837,5
0xef946530c049528e633c1f91e0f509d4c622aa52,1
0x8a249d31750d727e6a3a7b534255badd575aa26f,6
0xa3f996f2ec2b1fe240a57543bbfdb4d9d5804d04,1
0x294fc981686111e08f4ac49febf747c752f808e4,4
0x3f64d68837f877f52df5f0aaed8bdd687f2b0614,3
0xd3ae25172acdae49b495d375042657f37f05f1f2,1
0x1d5603071b3a2c68c6fed879efae6f9ae4db84a4,2
0x1f4212ae7e3384ad078aafd9a1ae104aa433cc91,1
0x68fcd0c2b6a0af11a97c4547c7cb0947c2f63d9a,13
0xa863eb34ec473cae2ab017c804e03318a2a82e9b,3
0xb1852a1de28445e1e2b4930511b22a0f960c3597,2
0x34159a18d87930ecc87916264f18fb785260ccea,7
0x1e2fce2e2a821c254fc4e53b373586af07ed0008,1
0x8b19c2c646d3a690ec3a5598e50743ca722cf691,1
0x5210b4779115594c64fa1eb3c289ba7cb8b5b384,3
0xb1d7b83a61a7e8533d9c60a1e4f00dbf5efa8116,2
0x42275eea81d6eba5ba00718e85af8080dd38069d,2
0xd5c788a766f65da7ceb01816947fb29b633eda42,1
0xd4bc9b4cbc14ec64256677ae2e1cdef1116c9ae8,2
0x4d3420e98408e4a2c653a3f3e2bfc2cdfcfb3fca,1
0xd68dd3b26c0c33386f284f43eb8e131697d514e5,1
0x18ceadcf3486c4246a760dbb4c445d6d2534715b,1
0x559fe1d18ef500840464f47a3e2fb59e82b63a4e,8
0x4a16de74a784215e03081c308edb582f0a4568c9,10
0x5cb87f634d4e23f290eed23cae5ef5fe9663fd5e,5
0x74415472cac94d99f7d46c2b01defab0860ecd29,4
0x4950ab279a968016ba1a852c7888b64154d65dd3,1
0x6a6d11ce4ccf2d43e61b7db1918768c5fdc14559,6
0xf8b9ab5ce029cbd570ffb8114e2be245ad3d845b,3
0x72a4b03259fcfe5deeb5197db10ae586165d4fb8,5
0xc466b374f70c458fcc99edd980b389eea8b8c36a,3
0x46a518eec296d6281db0501a867abbaa317a7efc,2
0x735d115393671b91501507fde185a649bba919d9,1
0xcadf056beaa8d562dc5bdf3ec5bc58e22e7c153f,1
0x1aa7954ce7ab643bebf976f14b0ba327d8376aec,2
0x4a05773a9b48afc7774181f3a85fe762d91bda27,1
0x64ea0fa30efed0d53900fcd4fb10c6c47262f0d9,6
0xd9bdd42e7f39fa6b7847466c51f38b9662addc42,1
0x91c669e3645e1432b5a461d5f6a60a8fcd926fd0,4
0xa6f473548cb679d60cebf7c00e9b37816f0b1e17,6
0x228900c0263b6ac19e66ff491e30c83d3473a2d8,3
0x9c199d2f0d70616736ca47ad74572b74ef6b89ab,1
0xbb6a0fbe1f1d4d7d3df73efa4dc2888f6dce1736,1
0x17efc2cdb4ff68d1120bdd218e25ac62d2c30a27,1
0x5d3ff22750794e0ee2cda990290fb2a2d1f63af2,1
0x4fa2383fdee7fc3d96e53354cb365439969fbe80,10
0x1afd6ccae0866ad6ea739e40131d0eaa50dd1573,1
0x271ffd682382ac9a98a0a1693027dedbf21ad8e0,1
0x04d3327b94c9de9bd75f686bce3876e6c2c5a347,8
0x33e580cee928d83a61b98905a1f9be68ea6279b8,1
0xcae5276ee6ef9a4353d6a436dd65f81fec5b93de,1
0x4a9dfb2105803fee35f201156452514100e5ff9e,1
0xe4ec13946ce37ae7b3ea6aac315b486dad7766f2,3
0x79751b632155edb146521859541c4a45e24849e3,1
0xd0d004b4ce867785d9ab4c684f0497680aa7b6ae,3
0x1cf6bff83de92a32cf0f1ed55485a0a081972be7,1
0xa74e65f8bee81a717de22cc49d798caa11fb494a,14
0xa238169edeed2452ec1206a37c170c5541cced11,2
0x7e788c62c9ca849dce399e90f912beae14424616,10
0x5efa7f29597987e5533f16cb8e2b76322944ae63,1
0x4ae5ecf3cbd2f073daff83471305d6f03c04863e,1
0x422a002105e8a5925fc1e93d2281a7ae989f7265,9
0xd606424168d1f6da0e51f7e27d719208dd75fe47,9
0x71d612d707ef612a693e5d941d09067c1166dec6,1
0xf989be400e5d9bcb9054ca96bc560b8037ce8d88,2
0xbb6370938353093686648b19015a8588d099ded4,1
0x97f15b348c64189e1ad9160c4ad05422e842e10d,1
0xd077a103b616c1c2f257ce83fda6e2ddfd7aec01,1
0x3bd8e0bb7e81c4b4abcffdff0b880d74a3ac9d2e,7
0x2b1536f1f05cc72635f21273a4ac1eb55bd77646,1
0x891342f99726da3aed11e05ff0c7a29137bc8c58,5
0x27689177ddda66a138ef573fc41d381f2d94bbc8,1
0x0895b21d1b3abe7d4f761b5870c36887cb310a5b,1
0x9730299b10a30bdbaf81815c99b4657c685314ab,1
0xdbb311a1a4f1c02989593ca70ba6e75300f9f12d,5
0x531732bf1571e377767d86d1bf31a82735d6b66d,1
0xe15e365806ed3b2570455782dbec0b450354c233,4
0x220179548474b2c2919942ebf00446494243ab55,5
0x7c3e5a6bdc775a80ab3ed1e7148f6679b058e1e9,3
0xa7b7f3550f9b9611d12d6cf9e58fdbe63b7c4f86,2
0x6ae68eb2fa416fe091803fde014bbf7475468979,5
0x8aff24504517d065a8144c88f57ec22f855b5c32,1
0xcd5628d6a62ed263886ae883a7859c6fb0f75996,1
0x4304db029dcf336289dd66886f1e6e8c20fe94d7,3
0x98b0556bc8b44632560a7dc967a818932b929684,1
0x9e7943ceac1f02b00e5f9d6e182f257efaa4653e,5
0x99e4b5bbafc44c72b64985f0e8c86a5098065834,1
0x8891ca56e765123a3984def35b9e2748d441495d,2
0x2221ceace30dbae7e209888452d29e711cb5741d,3
0xf5b4c93a02b7264f5bcf6443cdc70728ced257c8,3
0x0a7b367ee82e8a77fb2273f37848d4b8ad77bb57,1
0x676db1298ca47f24571e7528534486bd19f0b1c8,2
0x3a25473a5098f8b5ce1bd383416801bff28575b9,1
0xacc993013812e5524102474ba78f3a278c6d2efc,7
0xe66ae95575349194bb1621e2adc09975d240c784,2
0x5c44d710a75051659a22d45109f9ee67edc1300e,1
0x1c187c532ec14ca5d0f560885c12bc753d201927,2
0xcb0b4bdf49990daaf2379906907001d17e5a973f,2
0x8583953d4e89864736ae5d8edb6e0c01aa93d662,1
0x068287c087313735d359acdd7da829d23fcb1264,2
0x49f25d848125ac3945c14557ef7de12b83f37325,2
0xa3deb012dca06b12a7e9ae06738fccb4d39a6324,1
0x201c59f0e15ccc48cab012525f16be7a91a91b53,1
0x64d1bae3b2044eebc5bb24c82096133d84a3bf0d,1
0xadcf1c25c9417072708271e8ece7c3675e2b2be8,10
0x4dbd0e24b9684bfadfcd4a410688d8b987c3d040,2
0x626ecf0a95271b436cb39696c7cd8b9e31417c78,1
0xbe46fc5cb5b4b20d636dfe193b08f40fbcfbf898,5
0xa13131208502db4b4c028ceb2f364c85ad48e4d3,4
0x3f6249c4d782aab00b5e9ab99e090035b80e0c15,1
0x6487d336bdec94d4714a4d217b15aa5c7b9dfa99,3
0x890c5b4959ff3f45610e837a4ac7f2399ddac0bb,2
0xe5b831a4be169d36cae0a1394b070d2d8a05b244,1
0x49b144d329b096d2772533f936b5fda6ddf8dbdb,5
0x5e32bc932c173b17a64ca2fdc3f1b5642594a217,3
0x71e41d0dfea7ca196c7b104f01effd1102af9694,4
0x43721aab75b1e06bd02ea5a76509c0aa02feaf08,5
0xd2a0bcc66cd3ae54c0dcc6e9e1cba1301240abd4,1
0xbbf75226e2cc88e9f140c5a6df9a14358de041c4,2
0x2972ca0fb5bb13b36695403582d562edb4fbb2f8,1
0x69d2bebfdb13d8799b27e5ac71691f7b6fc18100,1
0x9d09808f288907bfd22217ba778d2998fd39ca78,3
0x29e83a72648fda0413c02f08563e5a2c87e4376a,1
0x65dda92080978d9653646c90d6fc63f7828f00dd,1
0x75b24724720d0f715f3e03ecb13d4695a445dff2,1
0xa17138c0675173b8ea506fb1b96fa754bc316cc2,1
0x7759cac90673a44178b5e096392833b850f98285,1
0x76c9d075f88f7915eb1ab5efb3846838b59e2db6,9
0x008d63fab8179ee0ae2082bb57c72ed0c61f990f,3
0x714d7baf5067855eba892296b6c6d94a09857010,10
0x42ee1c6da4e0a2a76d8b099449a0ca1abac22885,1
0xcabc8491816d5fa9f141c722fd8a08f2fd538333,3
0xd9b043e4daaecae38643681ce80fdc99dda3360c,3
0xca422514c83e831b093aac274e25e980ffeed692,1
0x88616f1177e76b2ca7de6f107b23d5555ccedacb,3
0xa779fc675db318dab004ab8d538cb320d0013f42,1
0xe776cf13d48943f5e7ad85453a589b9ba900b101,1
0x7dd3a770ee63be630f117b783b254a046e389310,4
0x2422f2caf7fa802b7edd3dbe916dafda87838503,6
0x179e84c9d0d61643e9020e33efc2260a7bd9b183,1
0x19ec107e466098833047828b01c5b36014a25550,2
0xcb927731f27898b30ad85964f9c5b784772cb924,11
0x9a88c1e172641ee6716a8bb21294178c27133037,1
0x5677f5289ce1a248e1bc1dc112d54bd798308e35,1
0x5e95b00eb048ba226e37f5fcbab2ebd8b530c83b,7
0x092fc435da33d6e5f61fa21a371d29db5cba09b0,9
0x1aa80222c56169057d8c378f39375b1ea61ed8c1,1
0x459e9e7fa2631ce07a8369beeaebce0a660b9ecc,3
0x249a49d3201c1b92a1029aab1bc76a6ca8f5fff0,9
0x7469d573e6360abaf0fe0d80ef592e1afc93311c,5
0xf854c4a2a0a7e6e8113352e72c71237d0c68a46e,1
0x913d97dae24a2564b0b092fe99e0df5291a6c086,2
0x82d1883ca96e57773429e785f195e32783b1c246,3
0xb07a5ba13933032f7b1e5612a2c845839c7a5513,8
0xb1b85193d48cb0faa3741e4ba3a8ec6bd7287643,4
0x0c6306c1ff8f0ca8432b761085d5ce74160a499a,2
0x3d600ee1ab8c88057a1a8f0faf4908fb104fbe4e,2
0x6c86b9442246ff449eb67b969c4fa51f43253858,1
0xfb15c9b4aef279d7e3c0feab1fc2d85f8cb16509,1
0x3beb0ba1d654f54a24329bbbc154c997bc283138,2
0x19be45e812fbe15597f3a052be1f5f2f0dc201b2,2
0xe43fa6cbb7dda0bd863593c5e75fae9b4dcd5cd4,1
0x6da5c2f0b2c32901126c204e0c36edc4ae09f8f3,1
0xb8bd8f4c420ada4d999f2619503d5aaa139ed7c2,3
0x8934fecddf1bbd23656c4617c880dd4f10598434,2
0x21a6e3eee52b6cffaa598bcd752f846c2c763bdb,2
0xb75e6a898f4d7dd32efea8d27094432b0f90618d,2
0xabbe8863b11a0296f29e15e890154f03a456cc3b,1
0x660524b65465466244210a8fa09e7784de35d473,1
0x7137fcc077a157946c26248a4ebb78732e38a447,2
0x0ef7f2b63757037f00cd69e108885d1e62b5d3f8,1
0x75f25d98ca196c0509b764c76b0c68240f8709bd,2
0xe18989231ea1580c192e94c6084d98bf25a2fcc3,2
0xd4c6325bc524be5f9cd4a934a4e163f41f061aea,1
0x79c9e233c0d36b8d585b47e99525e3652318d864,1
0xddbe58cc182dad04e7558aa94fa902b420feeb58,1
0xbf0f12b35c64fbcdf4b945930b8377d42b7ea7fa,2
0x71c2cf4877c991f5b7047636c8ebc04408a8312d,1
0x9a7855935ffe0d3e8c2fec7284eacca2046d75a2,1
0x75365ddb02bc316748fb9a2dc5a33b42f1fba2e7,1
0x04a359fe6e9490bf54165549045ac9970a42b8f5,1
0x65a3e526a42118c29c90ab74aeae3f5b2a261182,3
0xac5632f77562cfc1e420fb871070c6a7204be191,2
0x0f2cd0c6474594b2d3830e1076f40d6828641a0f,2
0xf3d0cb1b3db63a5f98a0ecb05d0d9f263058b7cb,1
0x3786cef5e21d1f375ba0fa9bf848773d3410f7ef,3
0xf752693a4a338460b0cc98229c8fdef879e5fac1,3
0x497a9a22eb7d089febb86ffa68d4cb07a54b6ed8,10
0xdf0bd4793876ae681a670a6a9d23af4b59eddcb4,1
0x3b1fc9653f03789bc399fc343d8d5b8fc1520ea0,4
0xda2ba9f10c336e76cd31b8a9005f05c7d560066a,6
0xd211f76a9991648378a3bc110916c847ae03063c,5
0x2e0692a3d9097931e9b7ba47035c8ea4a388f747,3
0xa8b4c7f8b3d91b324f815252da74884e68fb4c4c,3
0x1aa1eae4b46d7b8ebc185e0334a44faef4b772ab,2
0xea8bbdfc78264420f47ff61170467a51da052cf0,8
0x82362efdc716d8e2171964eed1f5f50006ed3cec,3
0x211bde309f20ef784bef23efa1a4063643654e4f,3
0x9d1b27796adb236512d4bc0f26de4c12dfde37d0,4
0xc2a08ff99df2dd45ca5cf5bc6636954f33294830,2
0xc1b133aa1f6c12c38aedb410fd9266df0aec5e08,1
0xdfbbe5686d054944a4e64cdd588f5777b56d1b63,2
0xd86a4fc38316a5948205fe4d5fbf7cc2b5b00f85,1
0xae91cb00c413a8d6089ba0bc8bf66fba47a912ea,5
0xb288c6cfa0e575f75071ddbabd17d27acf2595c5,2
0x3e20bf08530f3d7468a29d2f718dc0d657d9cf65,2
0x67d2c5e0c19afdcba7e3aad3d10a07f82c167106,1
0x2a7ed392ad03d9a57306ff0dfacf7bb37f761fb8,1
0xd0f082c47ee88f07ebfa90efaa6aa3bc276c514a,1
0xa83ab96ab7c0fdffb81e81eda849728938b31cd1,1
0xf1253ae06a4e2c7051494631c67770f9010e8417,6
0x1708e292f99a4bcafc99e79df3c47c43501193a3,17
0x584d3c0aaa9ee388437701e62aad2e08b99d8440,2
0xeb7d0be769cf857afa5626b5f8208528f034b1da,1
0x9770e942e19aeb9fc935980ceb5ec81c10b1d030,1
0x88c90f07a4916b8992040e524523a3c76744c3eb,3
0xccb500f042a25ea50d4076cee6f0d6c7fcd488d3,3
0x811b9972fd662e2fbbaeaa1b3fae071edcaaa68c,22
0x4fe67d306b4daac0d5915d8edebc461e4206190f,3
0x8df24569a74e094bf75e17d1f0c238d39b5e17b5,2
0xa07e308665e0c7eaeb33d836ad97df024502f9a1,7
0xeb7c4ad7f27f38c5586cc2b113b5f23674c29cd5,1
0x2c1c5c930b2e5e2d058db5c8ddf92683f319725a,8
0x77e3cf7d9051f7e76889ec11d9ab758f9dedc5c4,5
0x07ac7fb4000fed898212f0b28d03df0365f7b1bf,9
0xa26f49436682e46c0f8fc3840ab9d2441e2e35b3,2
0x1e5d13496de4a81225454afc9d0fa06f6bd97421,1
0xa61d1f138df1e04dee8e8a092ca20c206d88d063,2
0x83f3abec2a772009e286e8ccbedf850f08a926d9,2
0xff2b83e0dddd35ad00d892ba4d0e88cf367bbe47,1
0x0639e840829e39ae5ce839d9121047273362db1c,2
0x3e00345f10710d34e77679ebb70f49aa9b2210f2,1
0x2e0d207df5926cfa993d63b0c4880292bc5150c9,1
0xdeb2113cd885dee830dcb09a602221eb3f48c87d,1
0xab9ae93e74f1725c9a63edba47daf172d6a89947,1
0x86a99d4a9eb5580d072d0483c06b1b885aad76ee,1
0x573123ff11deb1dfef022717691e7d327e2f9e73,1
0xc923dd451dfb1fc6a4608982c6c077414da06a4d,1
0xa5db44e5002d9558a04337f50f9212d5ce715a8a,3
0x84d91355c8e87edbc10240be774ef81196098a8b,6
0xdfb7009edd56ada61ce83ef03111815efa604c7e,2
0xab5f9071d325b9b5844d52cd4e55ea6bbaceb021,3
0x3626413dfc152a6ae808031b9f25dbfc4a426bdd,2
0x86e432cdab0c5ff0059bb961ef75777e2ee79b65,4
0xf20b641cc702e301384778e52110291fd5511809,1
0x2b86347bd7777f1f0067dbd8b1040975c2e7cd54,1
0x4666320fc51099376818c9cd924ba5aabaa101a4,1
0x9db1d99d1c79a3a2c0123fcd0abb13d9b7c75657,1
0xd80775766186ef44c73422fdf97d92701c27f70e,3
0xdfcaf91ee7ac0839c4a4da345135fbb8b867e7a7,1
0x1f11ecfa5aafb66315dcf57c7bb7dca9a079ddbe,1
0x7944642920df33bae461f86aa0cd0b4b8284330e,1
0x085843dbde124ab8babd558fea60534962628338,3
0x64cf099b89538e2585dc789a1b77f2e115b4f3f2,5
0xcc4db8cde195c0df0d054d0fe05f8525465b1884,1
0x909223eaced5ca58fbae525fc0f2f48e4fb02483,3
0x9c5c1f3d484354f89821b2c5c0f92ea5893a6db6,1
0x3b25846c80f06f207c64a7aaa355dc463f4100ca,1
0x28afc07f0a4a745db8669b9d8e5f949e82de523b,2
0x8ba709eaf978fefac67f16688b9bb56e58d634c0,2
0x85dc1c7ff9451e30dafe9654f8466397566e737c,2
0x8d51a9ddd59064f719d98b6a9b2f073811227c5e,5
0x2a67277c1ae0cc172b5b933a5878d3bb16d52b4d,8
0x795f50722cf5ad82f78dda8dc8f7b235332977c3,6
0xa622faa2b036f87fbf4cf34f55c851edc66e29ce,6
0x8d2e31472c28446e9d75125ec6cf6bca6b77513c,11
0xfd35bd8db38b55facac0915dfa99d790a2c0223e,3
0xa7d763bc1e788904f2e20b91d3c51e47524ba189,3
0xf6aa21404f079e8b8e142e91fd408a86713dc087,5
0xbe2fd46639eae548552aa79b1245d65718cb89d9,2
0x7b70b18fc1576866705f0f8227b789d2c0fc22d9,1
0xac1b80e06f970879bfb8f2b92b59442593f332b6,6
0x71923d23ee4949553c94cfc6bb924f7af75f491e,1
0x6f96999dd8aa80686f9a83907b9074ce11a80eae,1
0x9dcf96b9e91e5250f0106197d6b396d736ddc680,1
0x795a805d3bc88d0724dea1432f309b65caeef89e,4
0x6d7c9f86d84f9535d68968b4464197bb1af2b9e4,5
0x6b72bbc1e6dc345c9e00a35b2afa3887d6e81917,3
0x9c4adc31fd405f1a56a4fa0188df2debc5cf4eda,1
0x9cf5dec27768855d478152128851ebde74f6a3ed,1
0x21ffb5de6ba0df27958145aed3cd3288000445b1,1
0x4c6686ed75d0c6685cc26fdab818cb975b5256e3,11
0xc4735b87dfb6c7cc3651677651e4bf139b27cc59,1
0x5ae1bb3c234ce4436133d4c4b6a8665257cc0acb,1
0xd7bad5eff26389b4ee7822690207b13106e03d43,1
0x82a211fe5b955a6079ef26f365c141e76f91f64d,4
0x0ca634bc2b591b557a6ffb39d8b8718e7f36dafd,9
0xa6a2b356718faf8cce70e78f06712f1ce5917d04,1
0xb097a905487830c5988b037214a12e2937e97859,5
0x0c9590908101e79d655f13806542eef3330ea7b3,1
0x0157b7fe94a0a235b501815d035f292d95694106,2
0xe87efb72022361d29e09f673cbd53ce1e4a9a54c,7
0x80ad564e3bb8fda83ede55a966306f99c2c6b24a,2
0xcfeef71ef5e0374306fba281c5978a4c70cd8207,1
0x6a81c50289f16a7e556385d6bab17707e2ea23c5,1
0x3b3ae0eb7fc973e173c4d3fde6f2022a6df0365c,1
0x098915e7f9a03d9d452a642f33a650430ae18c79,2
0x0489cb67a4571dae128620fa5f86fd1805b05497,1
0xf60c7c9ba0e17e9b2aa9b02303059f663de31d3b,1
0x8438a23a6989db43353dcad11c266313aac9101a,2
0xc0452507b41d2da08a1630394d064b45617017c6,1
0xcbb82d22b1624761b62bd807b01b7d491da8b4f5,2
0x9cbf729843456c2b59a857b21aeb999a0d73197f,2
0xd47a742f7ae0dcab41375a22283a70ebe3716711,1
0x634395bd37a216d654089bb17db2ae4c0d164fc6,1
0xf09b679e6bccd1207791d3305fec5f12f7eab939,1
0x43833bedb941538a90ea3adebb5ffa3cb407ba69,1
0xb74091a5c0073f64f7b5246fd73715b9730581f6,1
0x46d20c90305daa6436475a21ad14d2f6fce18f89,2
0x854ce16536cc41a0593a754f88a3eaf14eee9938,12
0xc0c56096d55d0d89d3009336b3100125aad4c219,3
0x05d3a5e1d88b8525c4f096f78a40a8a14ff2034f,1
0x4b69c929edc7b8b911e4309e1fecb7e9c1ded9ef,1
0x005693bd998f669c3d1020478920fdfed81fa894,1
0xd9f2d098e41f798af81c9707a12b354ddbfc7df0,1
0x970fff3582aa03ad47d5ccef4497226c5b4e9c8e,1
0xe9966e7eb50088dc0956169067a8ab3e214ba3f1,1
0x264a78ac40c8f6eb8b3f163dc6e0cc5a1fe9a100,1
0xc79288da2cccedb193691e7e23d82a8526693e64,1
0x737225ee70561f4f177058000573bc738c2768a3,1
0x2985130fc374e2713a25f824ad52a043045c10e5,2
0x13a9518a451edad79079753c89cc7197ff3f570a,5
0x9b408730057662143dc760b80a2e531d768eb8c3,3
0x8054957dba4afb5afa9f9cf0fb4c8771980d8b56,1
0xe242ffec125230569c592e26dea977e3b880e966,15
0x2c64a3d6178f4b665640b2b2b4c31d72df18209a,1
0x1e73a484f4bf700f264561f2df8b9aea4f8d27ab,1
0x45ada55492d3bfe4fab2781c3358f925afc04149,2
0xb02690b16fd8696ef13a63e3272404b3ea12d00e,3
0x3b60e6a4c40615194e6bf2b1f3220fcb910e0516,1
0x80c181c5b21c76a55376ca34694007462d64bb46,1
0x1a81db156afd3cd93545b823fd2ac6dcdf3b0725,2
0x9f0f1a0e59d0e9e3064df610c5572be9f610279c,1
0xbad9e771f82ca3c8486dcc161d044e75ac949a81,2
0x36410b348277d034d4df5c76dc3730494633e05a,5
0x5fa9b5b9cde9a7d7f27e61522da3b2dd728e1ab4,2
0xc6a0d3c3d306cbb0915013cb6a7c45b89f804703,3
0x3ea56ba46b0a7cbfb67ddb5dc5ea88ffd2933b71,2
0x64a744e311dfec522cafd52e54e2da4a008613e4,1
0x21c50c767f6b0d9a11a703ab088416dd834ae691,3
0x2296cfcf2a628e0f092734b0e3a9454573a4ff65,1
0x6bb218cb12c9a98b3dc28f2fc2f9a1146f78552a,1
0xba9cbf29651416295c1e11b4269e6808796d6c00,1
0x34cc62a979b2f4a3d757a6527ad6835c6284b6b9,1
0x735da150245ca19801b65fe4f4616a788d6712f2,2
0xef4aa2606c138d98743ffb46959583d92ca1e6a0,1
0x1040af0e82b4b8bebe1dee16f756ed0af128bd42,2
0x225134bceeaafc6a2f455f82d0f30988e567f090,1
0x30a0b4ec17516c4e8ce3e19b9a7279d446f0ee61,1
0xa8ea3dcdc2f26243276b4086b5237a8949e0c489,1
0x1db71e663bf469e3bae5055eedd307da04b2edd9,7
0x004995c7a4904fe27d22cf6c95e679f7db09728b,8
0x979c461baa91769a9f3ae77b266de1fca8083b75,1
0x1b5fd7fb6b2324ab162de5565d69a0637275ba3e,1
0x7759b8ee937070cf06774ef76e1cb54fa266b2d2,1
0xa6a91014e545dec4c8818c0121aa10b44d829dff,4
0xb657dd1d6e0c8c9192ab5d083c28d822a11016e2,1
0x6adcf08deaaf5913079707f923279ef4c6d5225e,1
0x7397a962feb59dcdfcfa7eaf381a092107de55c4,2
0x837c02c2c98d7101558dc5023fc33f9650016228,1
0xd8640bb5bddc66be318cd46668502a37f829e495,3
0xd53adf794e2915b4f414be1ab2282ca8da56dcfd,2
0xa9b46c922dd161b487d6f54106b28705a4e67338,2
0xb3402c396e305d85487f855ab4131906dd01e9c5,1
0xfd5516691e4c494a770c7b7a3c12b201dd610d0e,1
0x19b0a96c3e93c7d183151120f08162df327f5d8a,1
0x975e735f908830d5307d8747cd421a48057dd7ad,2
0xc8e9ba58ec507c6e3d05a06c74436a9693152308,3
0xdc6659b7cded2549a0c373ea7b8839e76e30140b,1
0x0cecb92b7a674f6e371f7339e3bfdc11418d1259,1
0x1942f8f551a64f093768c66fcd32f0b249f8ee50,1
0x27c6312df6ea78ce6e0792fb96cdc57f2a06440f,1
0x810341813815d268f775af0edbcf9edde7521191,4
0x21988d0ee2d2383b278bd8fc70c2065b7063111e,2
0xf636cb531cb61f0cd7a9520ec05cf5771ae78c5a,1
0x40bd1676acf10f536af1fd21df9b24915b771b63,1
0xcce92d2ff457567dda0fe94ca290adccaaa0d8ef,2
0x8f14060d8a957c258da5cbe749040891c0cf6e7c,1
0xf1ad08b40c615d4f4f544e9226891ea3aca7a94b,1
0x27996288e7022f04ce1e619fa20bd1202f444ab2,5
0xfd91b20548f8f82d70d9f41a753701bd91b6fd24,1
0x5dbecd1c34ac99288e5403856b7cad4f5b48994a,2
0x640bf77eb2c792b57e4e1e9ab9e7a7c4b32e1f12,2
0xfd7fd64fb6843e13e3f476485b889b8e3977a244,2
0x5e52ebd5763465d808984e428e599d7e7876e91a,1
0x9844dedc09b2f68899e8eebd68718bb2e1ce7fc8,1
0x6e5a497bf1e5547d4dab09b170748466325cfdc8,4
0xbcb4c8386c097589e7825aaeb9e7c6295835f1d6,4
0xce73e27b02a05acbe49d42d099a72f58c06df057,2
0xbf397307d9391c31dd6a4517f966942cc9508f18,3
0x875385f8099fae7e2c1a45cc5144ceb61529ed3e,1
0x01006072319f6ad590a380cfa7e527ee909af8ef,1
0x8c9ec6a671c6819e84fb325604f73e321af0b5e3,2
0xa6c5de4da9a685ce350b54ed7f34c242c15f84cf,2
0x00b3230e7215e3dfb85f576326630ad24e89848e,2
0xe8d5ee67a69394e721cdf2481f633c37ac70ab91,2
0xe88681dda199e34332a94828078dc80f72e144fc,1
0x7e2bb396a3e23f7f6d1733f488e7a766949a5523,1
0x542efe3411ea81c7f018eb3b88e93c95860bb699,2
0x35f448644c86dbda241ecb57f18a15c80f35a066,1
0x921ed8421334553f6c2c440b96dd9eb2c5d91a43,1
0x514c8600681cf53121c88418d5355a9d7d305db2,1
0xfb8d6f5d309e32dccf3c120a94eea7ed8a126ef7,1
0xb228e8cd78f68cd311a873a0e57e46d0249d990e,1
0x6533a99dbe53326c5242343a16c9839d09ce0be6,1
0x907469537a345647cbc9b917a357d8d504e5800a,1
0x922d012c7e8fce3c46ac761179bdb6d16246782d,5
0x5058aed265e520a681784b40ce16aad313287587,1
0xcdf1fc2483aa48e2223e8a28fd7c64af8e2ceef1,1
0xfb408fa20c6f6da099a7492107bc3531911896e3,2
0x5b77f7071eb6d311ab632e3c24243dcd04af0f7a,1
0x54393e990b8ce14df3770dc586e823d427240af1,2
0xb4b8fb820857f135d0510d6c79770dec37043015,1
0x30b3c7fb29207b95f3c3717f1b518a039a04ccb0,4
0xb2f10f98e9aa55be5f449c3f7ef38ecc2b712865,1
0xdecf6cc45e4f1816fc75c3b2aed1e7bf02c43e52,2
0x8fb012d125264b9f2274fdaed105c26d6c0e772b,3
0x44b7d855d1d1431f74c4a0bed1123ea95b929140,1
0x1b0280d55c66121fd25a10b85c775db04859a5ae,1
0xca1fbbd06794771878f31337eba3cc66d0444b1b,8
0x9636dc553bb96c4870529af4c60f6701fab001dd,1
0xf60d7231a844856a3d68d07c22792d7b175db244,1
0x8857f97bded50ffe228d2c093bd11941a733d194,1
0x2d07e75d36d2701c805031053df1ec5aa110b3e6,2
0xbaf88b32025aeaefee010013da46098382475ddc,2
0x3a39899dc78b7307acd83f51463c853fa79e1b09,2
0x3f7707f924ab242b4f6f6880d20905c03a25ea98,1
0xe5d18ac62997b8a03d6f94a2431dae41700b906e,8
0xa4d338186d93a77b5a82ac8253b79050b0058275,1
0x87efc8127f5eafef583efaae091099ac5dc30c4e,1
0xb13114bdbd4803526483384cb99b6c0aa48a30f7,1
0x8aa238db1e1f762c0144007b0c6a52e074c957ef,1
0x1b5bbc00d336e42ce6dd79dda4b5ab056a614f4b,2
0x3b2a6c47c1b3058ed6029b5e175d8e2fa21de3ff,1
0x66b19a1241fd54fe74dd8e40b7df8c419492e423,4
0x149f119543239d0b102bc60e80d0965232229234,1
0xba9700db64cf234a86fae6ccf83d4d58700bbcd3,1
0xdf766a7014f1f5ff6f5f2e2c77e606528e04a8a6,1
0x529ccd2681bb46b15d4ff9089a08e32bd11a72bb,1
0x415079855904da1bddadf203e173cad33376d5e6,2
0x987d1f46427159350dab6d5f070939d809ae296e,2
0x1e109d267da61261cb160cb6387fccc0463d6176,5
0x2ddc2e6ec28ada2e945f36abffdc25dc24d16390,1
0x78b864a7bce3888460ae9793b827ce521ac0d7bf,1
0x96e193956178c9beb3a63af118c99cc397888112,1
0x03a72b3fddb52d4033ef1704df3e5799e13cf8fd,1
0xd3bd21d0b0ff09e07957e37e75625edc3316bb24,3
0x01c62f8bbcf7f0f4b872e4d83dce16e61c079b7d,2
0xfa47fa4f95110bce0b7716056f41e5d982bbfbba,1
0x8e79424992ec50db1191c29cf81b8e20a6094cfc,1
0x541f8634c728bc2513bbef20fd74bc81aae6ea99,3
0x2234faffe5ad8db46d81107aab11183a8013468f,2
0x2d7d5a9ad74f16d310ab59dc676e9978a1ceda02,1
0xf9968fea071179a604d31f85ce24403e5844c140,1
0xc0c3ae1b03cb6875c75eae8229b17ab809666dcf,1
0x3c751cca4318edb2c3b023eab7aece466631b635,2
0x93608bae1446c2cf674e2b302002f051f960b9ce,1
0x5631dfef57be721cca472262a4f7157180af24d5,2
0x99079745001f861ce5e0c1a27f8e4ebe55cac12c,1
0xf930b0a0500d8f53b2e7efa4f7bcb5cc0c71067e,1
0x9fe84137ca6c387a9a653809ffc1189bc7bf1656,1
0x846976adde6f17afd4590312781dca81455c21d8,9
0x17b128b6771f5d26de3348db0cd222328cc1eb47,3
0x1f849a985c0dcf45454932b229f6b32e0c3710a4,1
0x2ea6e4233e4ca88c84d93c525fa0cfcaba1715dd,2
0xbee157c1a64c115d8361aab2542f83d204260a97,1
0x099500598f7b16cadc124775bdd36db354ede1b7,2
0x375961e2ffd0b8b77527db297a22270c26a7e46d,2
0x579031c51cbc0c28e062a74b289204c254fabe34,3
0x3a9d207657f3514e9f71480ab36e0b7f6cf5e670,4
0xdce219e778691a91dd887cb66c2b73520f5d50db,1
0x364d71ab328517d9aa082f96c3b9989c2269d922,1
0x9de241c88646e0ade40c51d7097e8cf53c765830,2
0x87c27b0859834f837c862fa40cc5ce8b8e65604d,2
0x71080d16f5737b3dfa067900789feaaa43c7476a,10
0x830f21710eaf94a1c14484e48d9b34206c263dd7,4
0x7eb2d8d4df42fd63c240745a75652f092f9c0ede,1
0x96baf6118bde48ca1447a1d0528684f80a3864a3,4
0xe49d0d8cf01ea366d804cc84738a768f0b8b175e,1
0x9bcd816e3a046d03256f2c351b6b2336f82533ea,1
0x96b3e34d374b22be2ab501a724a5c03b925f099e,2
0xe30d4a53e3a4f835e504574192987988c420c7bd,4
0xbff595e1f1f1738abcccb9c55b7a66f8f075b0f6,1
0x9431d1615fa755faa25a74da7f34c8bd6963bd0a,1
0x7aa624dc23c6e68acc5295379b522e2f16b4b4c9,2
0xc473076a5d34aa1858e7489ac0c5f50d4a351e87,2
0x15a8803d4bcbb6a26fab9341ce6b0f63e7dc9a95,1
0x1789f2c4efe615aa88c17af0a35465dff474579d,1
0x27d4e6fe4f5aca5eccf4a1c7694ace7451060bfc,2
0x12d737459242b4a80eac41e1b1dd50b0e4b38878,2
0x18d5dbdedc1015bc98f3cd9e8e210075ef3fd78c,3
0xa40f6f6237d3f142fc36fbd40423042847747154,1
0xc2f8de2c509c6d9c8430af6925481955f47df022,1
0x0da47666a8311250c7fa713250a828307fe933fe,2
0x1f5c9ca35f7d8ce690ed57d6d0a43d33bf6509c7,1
0x625b932f6d8b9044d2e1b62e6360db0b41553bda,1
0xb86446b3485e7fc88e376937488696a0ef27109f,1
0x7c35fc02fe14f37343c5ea89f7f584ba895a3e58,1
0x8fead6cb99fcf391352f25eec7baf451a1e037a3,1
0xea36cb76cf3e9d3c536ff8cb0570bb23cf42e47d,2
0x73e48eec262a5d5eff91db63aa1ca5975ecd98e3,1
0xde2f34587261d7d48872f5bb160c446ed2476f19,3
0xfe6aacb5f1e1f74c5398fe3d49aaae3f17f89118,2
0x172b64e148ea2712eb4d3a649e7ec6371ae9ae5c,1
0xaf50970bc190e7a857ae891e6bf0617d02fa2643,1
0x7eb9b715c0de76c9b0dc42437923e6f952cbc305,1
0x8cefecbd7658e86bab727d24ebf5ba104ae1aaf0,1
0xeec4e36c4a8582392d93058d91090f3711c81e5c,3
0x958da093944dd2e47f23b4395d66181d3246eccf,1
0x8af2cc382a57ef846c147669e050a3e5a3804cdf,2
0x2c17c733cefc0e618850b546d9df53cdbfa29725,2
0xaa7ce84455ca0ff4fed0ad3fdf657628806f1f74,2
0xf056924addd5da427767f8bdcefb4d4cb1b9297d,1
0xa1091b710fb05bfab226972ad70ee9ff0aa0dbf6,1
0x4519f0b6d70efab9b348c6dd4a79ebfbd5df1231,4
0xe64bf764e42a03d54685acf32379c0f0b7b0a625,1
0x5c540e3eb19e27999e3ebc62406e60a146c7a156,1
0x1070298571b9156c9497827e116a75d1e383cb6c,1
0xb9f5aa19458d76b47c60ea421405c7ac711357a8,1
0x5665785813011a5c37c10972f8d3d463441637c3,1
0xd8b0f7abb7db4063765db4b393ffc2c227b65599,1
0x9684b6c919199708ee2bfc95ee21a6a6fd5f28f2,3
0x19d3da2434fd30bae03c0390274fbc09540ef214,1
0x01eacf1d1ccf7f656fda1b95beafdb3c7fc396a7,1
0x1dde7b19fa3150a06e3307341e9b8cc5e95122d4,4
0x68df52e3116e8eed490ee7c6d57fe652d41345f8,1
0xb0f0b10a997ee8a5b023f1fe48e7f730e98c3ef9,3
0xda2899e7cec3d4f1fb77e31b816e9b56b02dd1f4,1
0x40495a781095932e2fc8dcca69f5e358711fdd41,5
0xd10bbe1ce2314799c8b936a59a33453d0d59d81c,3
0x7cf6dc2db031b5c0a869738a682b51890756b24d,3
0xce971fd83dffae9de862a50745666ed8939f9208,1
0x9857b416a7e84dee915444e03f389203e9ec3c5b,3
0xaaac0c23b13b881b95b3da37ce3edd5a574acaf2,2
0x9b4c436f40e7fbae7bad8b7547a2e8652c71b6c5,4
0x532619461e505f0366981900f6b8131f0541395a,1
0xcaa713508ed800c75808ad51f035881fb422a9e1,2
0xe18a92a2343c0527eba10a7ce00a1dc17863c6f9,2
0xa6424e666b4beac7f8c1979c93aee89a04142eaf,1
0x3cd9dd1dcbabdc2b071ed953d7789303645e04a5,2
0xd941f24f15988c22ad04c8f37d9886e23c2344cf,3
0x241cafc5f747616a5c59a2e489d0626ea1fd436b,1
0x005321cd5e17b7355788739a48f5cdc949c4b781,1
0x469f749d0088f1e533485baa22b837bcec7e9b72,1
0x73ca35ac0cda8236267f92ae5774f42845e5fdec,2
0x5c26d0565502d532d3d60e235926aea9453e1c25,1
0x6d7686acc2094c867d3d328856d105716b68fe67,1
0x7771cb297c157012044b5921bbf5e446786ab5f2,1
0xe3269991257b2da048a0458161b1be0ea28d351c,1
0x6d0bbe84eba47434a0004fc65797b87ef1c913b7,4
0xcba44d85b5749d598aeac53a75be05975e958120,2
0x1f05331c7f58714413297add8f566a67fd47ae6b,8
0x9925013484b5e65772094aa61145eb99cec66463,3
0x1a8a0adbd95487af4549df90adaad48849db5584,2
0xc620fc1fbe63596b0a3e71f03f5a307ac4d4b08e,2
0x18ec5566ad26e2ac609822395d6d9e98a39c90ef,1
0xf904398b649a0c0d5aec82a12b8ef9bf3216e1b7,1
0xb9956c998112ac3ad9719f0ad5ea9614f1144eae,1
0x91409a508c52c4f01d0449410a4f9d7a72d0b102,1
0xfb9b5a2c7d2b0f5a8b1e80ec7d319de8be5d5dd9,1
0x578728e317e9d1ad986872754f1afa83d9e02b99,2
0x5adea93feb70c6dec4c1cbb89f1930eb06afda1f,2
0xc1b172595ddc335a9dd80b50117e457ce124bc36,3
0xcd27bd2110aa5288304da6d5c46ce7d7e308bdee,1
0xd4920bb5a6c032eb3bce21e0c7fdac9eefa8d3f1,1
0xcd8e96a0f26f08e6738e97c679468b0418172f26,2
0x23a2fa994a0e2ba47bb543f211e9b1293a963341,1
0x992340ae570cd2005dbe93ea4acd5bf5a7dfcbb3,1
0x8a2a0c2804aa1fc95f24ca67eca46b7489e1af35,1
0x0983bab359bd8c793017df035d920be0baac2bea,1
0x588edebf274437c8bf2ea650036452db637d210d,2
0x3698a4504bf118347eee4c42eb101812fc4b65bc,1
0x67f8eccf03b9cfe8afc713ba0e4a75c56434f093,1
0x49c233d25768e462f0474390f653baf40dd592b2,1
0x07fa0ad3159bff0461cbe700baf698759541604a,1
0x93386444ae53298e6039cd57015901efe1469c99,4
0xaa08537c89552d32d0aa84effc2afc124f5e0de8,1
0xebe8de558202f0f5840341654388601ff70a7c20,1
0xdf84580a0ebe9c9d91f859a9d660fe9f149fedb8,4
0x5083c9e0ca1ed6fd5a004f9fff4366abc4d564a6,3
0xcf0e8537880bbad653e6522621aecd285e32577d,1
0xf13242b20bf18bd7cfb4853ed06818f2aa2d2602,1
0xb03506c6f5fddcb28be8de1f1572361dad13a1a1,1
0x805f2381e349383cc8e21d2829990531aa96546c,1
0x5b6d6ce2efd4c391b9f5ee3d33a168a790d7cf46,1
0xab678725ea857a69b1733747879decc4f8b4e52c,5
0x9b458316b2a460108b5883a5c76c4a712600d721,2
0xa7dcc417c63f24f9073b667a5d7149bd38463d0f,1
0x1baa3df4a9e43577f88f54b3dea0e91c7be10f35,4
0x56122cb321e062b2ffeefc6ffb90b00106c2b2e0,1
0xcf171fbd7b20460f9033904e90134799de4edcb8,1
0x31613fa26f749dd32b27e78566184b287e753d76,1
0x017dcff522033c5cb842d2901621fc9d8ed006d1,1
0x064f418394f09a47f744cfccfbc7b59915dcf2fb,2
0xb177ce0634a588a7d61ffd0c40b393a87d957f18,1
0xe52ef21875615682dc5fa75d6a33a546e200f5f6,2
0x981cac16246d9641be07bba6e19e304b74b173bc,1
0x06e00c27a53e07c93c39c0eff89ff6e6d5b4b52f,1
0x9b74c5085dec83c0df1cbb52697d1f5ed9c6a4dc,5
0xf89a1f4f0099bedc9c07616d8fbb18df18043036,1
0xbf5928c1d26d956805bbbfb6986b445b737618dd,5
0xb4a537532569606c628801fb863b1aa9aae3fbb7,1
0xda5839d3132e408f9909ecbc5b4ca95dc94ff476,2
0x9567bedd4d7e9be9251ae7fa4282a0db6976a6b1,1
0x49ed7c5226f61c7e27ad94e5cdaec00d3fa0b403,5
0x67a587fb48fff34ea0d37d72b2c40d871797cdd2,1
0x4f4f473d650055d19e3db40df085c256c84cf149,2
0xbb179f078bac0ff4f181f6e01606ccae883ef74d,1
0xa458e0e964342a47c1aaeb84e0abe802ef825760,2
0xac03fcc8ff62b3a3427ea2657cb4b78436c9bc5f,1
0x2a2b31ed1fc4b330bc8ef71c68e1b7013d4a23ee,1
0x6edc38aa4184d726c17dcba33a6c9b95dd2c8876,1
0xbd6575d53e577e147432ced7a6e220c55f08ae35,1
0xa820326903d2be4ee4fc088b512230967b55c8cc,3
0xef41b5305d90fec9120e7ab4f03769937e4a0806,1
0x4b96f7dcbd7f59c4cf2f2b1d41006ddfeec66925,1
0x6c4fdc08d58c6a1db1c145ae5d0a847da9df0032,1
0x7c7887a382bb55d7e40e9c7ccf42e36e8c1c6536,3
0xb70760bf57c3295999f978fe404f4ec906669330,1
0x27584572bc82a764ca4b6c1485f9ba2c311e605d,1
0x51d9e4137b08a0c740e3c5f1ef87dfe0fde546ba,1
0x621e5a7859008deed8165666d8a19102a5d6d82b,1
0xe9976c99962cdbb8e599ea878bfe4b67ce229884,1
0xa548d3aec29be645f6afef3a534c995e4dc1b11e,2
0xfd448b69b209bcca597c2424a91f84a269dccd00,1
0x0256e61dee1d48b4ef4af676285be859a6083496,1
0x7b0f7ea479f2a4e031c7da84c7a5876ec46f3600,3
0xb037442bfe6876cd736631b7ee5762d641e8fc6c,1
0x1a96db12ad7f0c9f91c538d16c39c360b5e8fb21,2
0x6f5a8a35fb10eecef9128f407a0fe67b898556cf,2
0x5088439f51728d47b603ef557cdf739e17a28922,1
0xc0eb311c2f846bd359ed8eaa9a766d5e4736846a,1
0x75fa74606b95877aabf6bef66db511c36492e66f,1
0xcbc3eba17f70a9353306a197bb5499181bd10ebb,1
0x02864755c3bcbe2b1e65c4cbf8be0c4a064cd3b9,2
0x529f3541d2dc1f40f636cf8ffdc3b6245b6c3075,2
0xe48fe6012f97b6a13c0ce5cef314caf66e972deb,1
0x11a8d3c3eef10312ce1d723f78963f5942a9bde8,1
0x99b000989f9615812f16962664bed7aa80454d21,1
0xc339523876c9b370c0de2848cea890545f7efe00,2
0xef9b2690082ea291027acd3ab36a53e13467dc3b,2
0x2f5f939883cb8e06c1f604318638c5ae09e45701,1
0xf4fd6f0f6c2a74641201c91ff642d6bad27ea0e6,1
0x4d0abff7aea667cc7a44a9fabdbb803eb547a8be,1
0x154f1c1cf19838228e11c73b20653d48f9097e36,1
0x77fb086a26e3e6211cfe8075d039eeb73770e166,2
0xf36c9909cbf4d0c6073cbe9e82e3d5373d80215e,1
0x05dffc9a8703501442fc1b0a25976523edbde094,1
0xc50a9c4d28e7e5a2dd9edfc9e0fbf066096c9473,2
0xbde70adfd16ab60f7307787c97a8fe959a80827a,2
0x78581c24cd3cf34cd7ffb19d28f11ed38ca4982d,1
0x3461551e8a9d68314fdd43eb81f98044da4a1461,3
0x5866d07a1b9ac4fb62c732e27528206c4ab78847,4
0x8450a7852495dafe063c3e436d0750698777965c,1
0xc9bebd8772137e31824f58921f3203666cf7ebe8,1
0x9c606f6ffcb2265a824522f096dc0ab3e81d5f39,3
0xd270b09ecac678943d96ba3198a733ba3e11e926,1
0xd90515a69c82b92992fa3c03d010accb366bf2c1,2
0xbf43d944cc9bfebe2a93965ede1aeab005db96d3,2
0x00fa3405862cd5c427d77274c91c9a382b24e122,1
0xc4d84d98e138947cedcab80585ee3999788aab0c,4
0x291715b8095c7b25a0c8a4242c0669ee00a17f79,1
0xfffcb0d5b99212232bdc3bb4f52689c62b57c877,1
0xf59cc6a18107116f538fad758426c8c6d531b67a,2
0xc536098b386d23d4b60a0e4e9ed64808c879172b,1
0x7ef61cacd0c785eacdfe17649d1c5bcba676a858,3
0x9bb5fc1c56eaabc4bfa0a37398d397a956354afb,1
0x4798f062fe560b260d744f09aec02dc357284583,2
0x370025d224912ab7335e8fc697649f8a4c0d5dd4,1
0x1b8d426427b9c145cf9b571f244fe24f0b053be0,2
0xe1d8b0492fbe9c145f2aa6e2c6a76fe034561c5a,1
0x461213457f94b5489d84d0cbcc4c1e5160cc1d5b,1
0x6ac40b84f5732ccc2d21ebe71f2acc4140314843,2
0x4713d599b17a04325e7d5e6be4f22f0224ec16b5,1
0x6a3206454dc16920aa93aafccf2bef721d435413,1
0xcca178a04d83af193330c7927fb9a42212fb1c25,6
0xd2618e8c1fc456dfd52c1e3d57ff94315bff124f,1
0x67691771270f0199bfe54a00f8343d15afc5b872,2
0x175655503906338498b149144931d2d81c90ef71,2
0xba275e06a85f1fde5fc26b6da5b23feb7fe0dab9,1
0x78fec32317e524d953db63b8c9de0f1f5b131b9d,3
0xcdb13929674d13e1794beabfbe3e64cc93d10005,1
0x6a33d28d7f1e7ccad132304a6abd87336a7754fa,1
0x067134eaf65e507aa066ba58443da431e2d81f27,5
0xd54d6ab8c443b167832254e19e51d458deaf32a4,1
0x36d8bc3a6ab5bd7581bd52703fc9d5fa69cddedc,1
0x3185ef019ba1c04b8d65edb64c1c34c3eae52271,1
0x3c15b6edeb88d9258a76217a9fb2242977eb720a,1
0x1e0cd1b6d9ffb1743fc36ac255973fd29e857c6c,2
0x7b8a6e7777793614f27799199e32e80f03d18dbe,1
0x86bebc8147ff4bf046f82b7fcb388f6f728ea1c4,1
0x08e1c0eb31c6ed318707b7c10933dd83b2a58468,1
0xd8e745b07bc7fb767fb08fffd6271ba5271cedad,1
0x560c2b6a1f215a5afe31e9915d73494a30021b27,1
0x36770e4df122d27b3a28d64aefeac8712bb6bb36,1
0xc5b8d3ab81cef92e97bb4f1d7c4a8f2798b9e40b,1
0xa5bd4fa2db60afdf5cf57c6c2ea40beef982caae,6
0xf81e0f5255fe39389468f567be306201cb4874bf,3
0x006d7516c996aad3483d0fbd9b7a504c4fd6b919,1
0x7006ba0584692d0e0811d339c677e860dd77aa57,1
0xb3f8b2d3e5a1f6cf4131298a5d1aa033aab24586,1
0x9f85221d7ec0dec8c4a28e5c7038cfc4ad285a68,1
0xf1afd190f76e415b4716c899ecffc4b80020b788,1
0x70bbb739d51d3b34349301f95e3ef74136ef4d51,1
0x76dae079009db7394d0013f1e5a8f213265636a9,4
0xdc40da69bc18872923cb0ad784d5d18d4b65f6fc,1
0x28b8ff011b7f973076c9999f0761c20410dc1b2e,1
0x3db70c686d37b62ab6e3470abb55a216b4c9be8a,1
0xf05baba735229e9886f015b9a59fcd812fbb8adc,1
0x999999b2173a81c2b20e202c3d22e0473f6517b6,2
0x3864546167b928a5b406b320a9f926bd7c57beaf,1
0x6127a7988604368c27c0e6233851ac04367b1739,1
0x5c9defd440c5d1cf3ed5be0e9f9958777b0e8acc,1
0x99344b575b83360410a0e4dce75189edecacc824,1
0xe12f8e5309682cdea4a3f7160fbb25d0d111d9b7,1
0x03e5f119c22a3f2a13e3fef7110c4319be94dd26,1
0xfed4fed3c90c4e93d203d25ef2b148c863b68356,1
0xca2f74fbd5f5b84997bac4d74c011d1458bc26a8,4
0x7a854fda01b4a0c87f20bd8f2305974d366a1571,1
0xec87bbc3babee30abf3d323f3557c57b8c65f78b,1
0xe65d8f5345bbfd8adcf8f7e5b79c4b1f8420551a,3
0x480b45a3b974e7ecefaf2481ec12ccc03b20b706,1
0x4dd74e17cd0ce65d1fa6aa27c20fe678221ba01a,4
0xb1e35da83e2aaecf5f24974c8d5a14294ee9d1a5,1
0xe3c7216ab80d821f200fbdc7ada1b4b4da2767cb,1
0xe2c72dcf60ec2892fd3002561b730b8b6c750eed,1
0x1e453d37a6cc5eb2726a3c6a91de110d2b8f7b54,1
0x46427fd697e84620b10b6159428c9fcaec3a58f4,1
0xcb8b1cfe7aa5e8cf90d5ea75caec8f1aafdc62ee,1
0x90322efb6d3ac81f5083cf89422a2909c3eb31ae,2
0x48d97b71d5f67cf514fe901996f60686af1353d3,5
0xa5928efde9a95dd3b535b857c05e1d7c78fa49e4,1
0x461e7aca28cda345dda45cba5460f36df976cb3b,1
0x33cb0c602d9d2965c5538731bab28f122988f74e,2
0x807c880dac7088e0e34d319d8c0bbc6f3b4a7d45,1
0xc2b35534e47cdf3d787e01630129631d8270abfb,1
0x599387894c985d2fa943a9bf7ca403cc76f7fb8a,2
0xafb93bf7dc0d56d8eb5f4b77a1164a8d412e723c,1
0xc6e2dcf6c60ac5262337b9eb182823812471351f,1
0xad675a17f724665c1e7b152a521f40f7bf286b6d,2
0xa2690d71a775bf4c49f3a4ac70c743cd6a81c7a2,1
0xbf2a343d4711ec695cd6a1eae91a8ec24c47f96f,1
0xd2e7851dce6ecc9eae7027fe537d5a55e9565f75,1
0x252f5a696b385d12d23f0110f25615469b864a0c,1
0x1b366f42d0478aff04c77105b4e994fa574dadca,1
0x4648efb22d05120f7bcf9eff557a6e2fd6b86504,1
0xbab4c7af624622ee3648033c91181c9c1ec197aa,1
0x245f7bdf5135a5002077c52fced96b4694a8acc9,3
0x946034cf8f20734455591441c4000dfa225ae600,1
0x3e1ba0b42555e170bda592501d34b05e8e652b5e,1
0x8f94557c6752155796c5ef4e3661f3dbc6910b98,1
0x2aaccf124a7e371d251daff50cd0d4af51bdc9c9,1
0xfb44496ef7ce7dc94da1ec9f45115c80bba1778d,1
0x523a16dcf25698a9992327bd0c1d9832c82b8a4d,2
0x73cb48cf053b3c50dd61b07d86617fdb8c070d25,1
0xaffdc243caf9d7df46ba9279fc46499513fe7b6d,1
0xae26e52d785fcd3a7dab7237c00dcc69d1ff759c,2
0x2096e55239cde0e6e6ffa23902b126b02bd58a36,3
0x0b9492b7517b6ae8e4d2cbb8aa3c7f61e86edb07,1
0x2758c7a48aec321dd9ec1c713a69e8b5e8961f1a,2
0x5e5d46747100a6d10797d9432f78380aefc6eebe,2
0x1c494f1919c1512ebe74a5dcc17dac9a64069023,1
0xb7820062b54f1b9e42ec1acfde7e526f1849e609,2
0x3cf4829a75e1ff1e922ff52d211561fcd50acaf4,2
0x867e160ac92ccef2be6705f7b895056ed25d659a,1
0xca947ab7e0e9a608144fcddf730642a913df6034,1
0xc03eeef5e79a879b29630069ede99359c2e97b98,1
0xa83ac927631f7c912146ff148dcdd936d135aa98,1
0xa7d2a84256901c6f948df2502cfac02e77d1aac2,1
0x4239e483824882cdd004187e91c62bdba01b0490,2
0x0ae73566b3f0fd8548c4a487eb76146fe05af4da,1
0xb505bc9918dd4c2215395e792aa656538ff6ba65,1
0x35a8ef6621d7934a2c67f2c989be57ec49496536,1
0xf8b6094947de84ba8e2d9931b138291b2c0a19ae,2
0xff3df251d272d8caeb5daa2bc51d686aeb1e0768,1
0xd976d3cc17d109889037175b2472af6ca970302d,1
0xda844e1ec97b0bab57f6d33f59b225ba57f0f0c9,1
0xb54233ad03ee84885ca048366990a63b879af18f,1
0xfc2ee91d24fd57ab5d382c92818ccbcfeb854b56,1
0xa2cfdaa1cb608c777618e3e90819708549cf8ced,1
0x6613fdc9dcee727738c2055f14bbfc7d12c765b4,1
0xc0f21d2def032e6048665cc587d44328bf4a3ad2,1
0x422fc089ae2b31654e67cb52d7fd522bf9728465,4
0x95b929941e5581a7d65dba4d319279c5c693bd15,1
0xf825847a57a39e1e6850366a040dbdad4b29d246,1
0xf89fc7c27f885185afa09a38b29daa1bdaf32d4a,1
0xa560fabe0666c72033c6df1180375e3554be99d3,1
0xc03c95142f718d4655babd7cc03dfe1bf592c0a3,1
0x47ddadf690c472256c5e59458308cd9146064329,1
0x40c2189783d676e39124841727f7acb458d1827d,2
0x2d7f0e3e3b9a7fd3b326adb4aea81f106739841e,1
0xd7732e2884b29411e3d5c69e2a42add047a5d9b6,3
0x3b541d9edbc6c1767a9a29fbb18055261d84d8b2,1
0xd4c8c7b2de468f9b29332c184b2a7d1e60c89242,1
0x06c6cdfafcb7d9ed6dc2658466bed203aa6a8401,1
0x5bbefaccc1a8e1ecb0d470f941668562eeb46ff0,1
0xcb900d72c811cdccf7bd43b79c3eb5a96eeac391,1
0xfe372f3b71ae80cd9b14053b16bfa290e19c5503,2
0x7d8e4b2b6a436f55c67a3001c1a9a6a219f3e1d3,1
0x2c8a7c45cf09530a32b162aabaf9e6b49e55b9d9,1
0x69af844b93a22c22a7125e72e554db951741a8a0,4
0xc93bc417748e562a5817e77ba3b70ed01eea8961,1
0xa94a546460ce634de5ae4f19df8de501a7026a1b,1
0x1386af2032a76cc640a5c3eef32f1b158adaba59,1
0xb6cc924486681a1ca489639200dceb4c41c283d3,2
0xcbf4f0f7d1fecf82350509c740222be0824bb769,1
0x206d7f45fae22d9926bdb2169dce6e52ed33828f,2
0xff6090e4981ed4d9e9841e45239961163f2b88c9,1
0xa690b025bfbb45e86ddd73362a712544c906d428,1
0x64650190b0695799bd3c102945ccd9a429296b5f,2
0x53006e14fe724408ca5bea36aef586536255f4d7,1
0x7694e745e2cfa6dd55942c7a48415c9bc9bc85c3,3
0xa524d2c8086f23ab06a943e3b22539bd5357ec96,1
0x1aa8f504c6baadb5282bccacb81feee0ff6f3ec5,1
0x09d1fb4f59fdce6ab1a7d31f1309864c5a818b17,2
0x1220d8c528afa28165a1f065b3749e717db98a2e,3
0x6c227aba7c1195d355e84a6cca17319c7cd1d95f,1
0x42f0af3b30d792c1ab9e586b45608bd90c284d2b,1
0x2e69f82ebc088e6d93652d83d1c32a2f4251d2cc,1
0xcafab9c5b4e94e4a62096a6fee136f9fb7831038,1
0x832290d463e77b54158f1b14c08434c9c8ca2747,1
0x4fa7c13a092797a3df60537dd19e5f2a8efca298,1
0x737c2a78660e8cf182cd200abb8f9f297dccfb0f,1
0xd732f440acda52341f5b2f3749fc55d8a4b71b4a,1
0xb7077b919f87f9be1f307d42b3472e78c498134d,1
0x443c4ceffebbd742daac8b14ac90eeba6520fe6f,2
0xdeeb5c43dd9b8d1ba200b534f6ebdfc7635235ea,2
0xcb54c0a5f5927fb3aebcc362222cf06dd764c009,1
0xdb93bb3aefc01c3a9964f58bfaa1c327c1b10afe,1
0xa6722f86479fe1697462fc731c1b62d42f64bb3f,1
0xbd5c9bfa481e5d382365288a59fdc48cb3d359ca,1
0x7326f20e7c774e91c7f2a3971c43296cd3a5fc5d,2
0xe1afd11aea99ef1eeacd8c30c9b80998cee519c2,1
0xba6de53ecca06c7b41cbbfd8d59a62f7acc5a5d4,1
0xed75cbe549385bacaf79b87eb6d3d43e84537046,1
0xf1ed66cd1dd7cdcd297413331a9207aa0ab96a14,1
0x1d56b148299d8eadaf6aab9e5e64254223d4e73d,1
0xd2445dfd302ceeaa9272c25659d530dd7d7b06d6,1
0x95a790ba1f09be81256125b0292911c2bdcd9c42,3
0x25b32400035db705795d1caf01d7d5e084b2c84a,1
0x5df7bd314bedae90ab59fa386c68d902f5533395,1
0xd8856cce3f878d3ea03964f80b18987ff1919272,4
0xb224e28534e07c04eb43c7fe20a1f881a6061755,2
0x0d6b1c75deed4a973e26882d4dd34a76c25518d8,1
0xde770b0139ade0469db628062271102ee0ef4b50,1
0x2cf698719ab61206334ab380ce7326b033409660,1
0xd8e3899fdbba5f9119d22b9370d9d8308abbd4f4,1
0x750d8de6090414b632892dd451af30ceb815cf0e,1
0xb8d1047861979e496ead3c37dd0370d122b095d2,1
0xdc885ae9b6e311ac63ca4a0f91a30e8221de6bc3,1
0xa33ceb8ee392b6e2e600f922c4c4e730d0344ba3,1
0x2b0697274630884ebd88d1588b8350ce5ff4f3f5,1
0x0d81e1fe8af3fb98275da094c55e536966fb9976,1
0xf8cfca27eb0ef8b2ec37c8b87fedf936a1678681,1
0xe445e51dd3ace310a0ba033addef0b02097bf08b,1
0x69f80acb7bec275f0557bdfee9a4a0b9576cc17a,2
0xe6cf807e4b2a640dfe03ff06fa6ab32c334c7df4,2
0x157948ca8d794c9f8a874c516edec858a36245a4,1
0x8f1323a48adb86675a86987093243f47d744b552,1
0xfb016e4f5628365081d4936dbb86db8e4f446ff3,1
0x4609d173295c7912a48b25df53abca677d1ab4cd,1
0x0e79c644ec160afe87ea8e87201c0fe35ba63e1f,2
0xf635d8f535ffd55b22290348eeb1d3432f4582f1,1
0x3b410af25d51ce5a21d093842e452b0d7de9ed59,1
0x3999bf4774f29b6f4954b1af84d9f8cc2d5f6876,1
0xb2f1a288e6bf497e3b41adf23a4a89896069d1f6,1
0x8bf9fdd8c2f9efc99fafaf50bcd22c044595f8df,1
0x00bc5b61042fa8375dba651a2309bc5595302ec1,3
0xd2b9f0feee6df689faa83b7c2858b854a9e316dd,1
0x63c410a066d5d12217b713ccac5f600a06ba45e6,1
0x75727030c83a14c262dc5c794d9de2165d5ca01f,2
0xa2b463ab5a835e918685ec3269621e2385519ca4,2
0xac57df25f08e67122c2d191546fdf1e027c0127d,1
0xbdbaafe12313ca57b11e8c759579365e69a05a7e,1
0xe4964489bc59d1015f261ec264c555de107fcee0,1
0xa9e178c61fd9288d6c80f7bd0636030c247a8b0e,1
0x479e26d0e79d430340a0c6468f16ab9f5a033b97,1
0xe34ee53f045293fd21aea306c33cb862f5ec8eb4,1
0x8d52aa454303601078f8006bdd4fbab99c7dcd8d,1
0x36a6f6f423778a71fbd635081f4ee44ff15b9d6a,1
0x38b6324af2527bd4c1019803d3d761071d73e8f8,2
0x3ee3aadd517942c9fb295254dd7f1b4de4e61e8f,1
0x3683cf6f6bd302aea1eb25106a921acca5a48afa,1
0xc0fac9bbaf3bd725d9347ae6ee09a333659135a3,1
0x33beca68495f9aa3769e1bdfad67f03c59ee0177,1
0x48ee69490345c7080240db090e65a4ae1049e16a,1
0xd8fcfcdc37ac8f381c46f491732be4b31dc5d0e3,1
0x3be670da0170396aaee99fb8fe8d31b8831fb30c,2
0x1b3b4c12ce2936e5068628a4111a330d6d31915f,2
0xee6b71b0b9e8a2e7a30f3f966a41c8b414d5e2cc,1
0xc0715cb0d899d0d595e738156613972a4e354f21,1
0x05d9eacc1d714237e3aaf32313b6b6ff022a5003,1
0xc1e74548252274bc5f33188f9adbb368a97d67c0,1
0xe4e076ec8c75afea19a8ae686104d3a819ce8bd5,1
0x434a353ef90b123bee73cab5eaa1015e2edd0e7f,1
0x96db2c4193a4a4cbf8c5baf1ac71151463be7284,1
0x10bf74dff8b21943a99a9f9dc2dc913867952137,1
0xc269d1ffc4d3d5540d5fa0f6df610d0f1239e4b3,1
0xe69b6f7691cd2e81c484153404f5005deaaef311,6
0xdbaa016a4ae4904019bef37ffec80582dd556c90,1
0x3001e1e22b0252316fac36df832fc23a7e8dfee6,1
0x724103f1cc06462dc800b0ec8564e2b7ce72f848,1
0xb32fc7b40a89e0547bd16664a57fcfceecbeeeec,1
0xa603da977f4da790d8f3d0ff42db79cacc6f6960,1
0x19f928a2ba7fe4745f05dcd3f2e89bc2584f931e,2
0x9be43ec7472e708858d4b8711f54b238bf0ac789,1
0x03817d6ab2a4604c8f1d6b3413dec27b772024dd,3
0xf8c9b9c9a95a6cd6a86fac95dd3a09abe6c6a60e,2
0xe31593bcca0bd3f50cf3d73d46700b40f97d1252,1
0xe6cb05c7e88ccfedb581b5dbb5159e4c2de9da88,1
0xe3c2749a0a71945fa47b9c257db45d9ace5e5e76,1
0x77aec1bd719c446b2ba87b2433c99fecb8d469bd,1
0x7b86221b159aaea742e81330bb05c168674efed2,3
0x289f102678eb107f377274e88d2aba101be78a9d,1
0xe5ef6efd25bbc351f6de5919c9168fa9f0dbe9cc,1
0xeccd42f471c4eda37517ebd104fbdddae4330c06,1
0x2b5bebca8c546153eaeaf46dea46303167934111,1
0x5dca47df4ddde71069e2e205b993ca39dd3881e9,1
0xb58617f6aee3a3a3b76a0fcf10c186cbef54cc3c,1
0x38ffc1ba00005ba6d5294a364fb583df16d09f9b,1
0x3ebeefefa1b1a89552681087dde80b558ecb22a5,2
0x20c13518a8dbefcb38fef89fd587f73725256873,1
0x042e4dbd449d4f77d0774c57ee13b678400d6eaa,1
0xffce05977d9bbb31a2afeb10980f7e35247d1121,1
0x4394671fa4ed72dc3f3fb35e6a103697dfe3acde,2
0xda44f7cd174a6594e7c5fb5662a959887c5cdfce,1
0xfb4caa1acbb9ca7ddbcd176c53ea748d2fdcb204,1
0xec1434d9f3b9f73e0611ea6c624b000451cc5acf,2
0x6eacae573f3e01683155539772817e3a939fcc4b,1
0xb0fad87dd10fa7256dd3621001d98881be1c26da,1
0xe40a692883a9d59c32540b3c4f898c317109832c,1
0xa05b981b6ff59ab94f6c4c589428c7e85b49e257,3
0x6853b58cf722a8ad86435fcea44e21d91f30fd67,1
0x871e527feb155e5ee0c638fa841eb457340bde45,1
0x91d947daa437f790bf8fbe1e81fd3eda403796bf,1
0x87e4631b656fd789a7fcf9de4c6e9c304e22d382,1
0xf41939922947f7c93cfa77364b35c6e85e53aef3,1
0x24e04081cf03b69bc20e42ef8a89ba33ff83c2c9,1
0xb14130755bdc32f3540b8ff1ab417304c80d0eef,1
0x41689f14353d5042f8f4c57eb2dfc3451ff64699,1
0x9de4db116a678b96f29e03550b80fa553cdc2994,3
0xb806a9d487f821eab424c61272da4f9732ae9145,1
0x5d2a62c53f8449c8a75c46b4a11ec64e35a7d525,3
0xcb07171a5a2a6df9a040f860712368947834cdf1,1
0xe345e9605391c13fd2502e7141d54b752aadb184,1
0x9fd3d1ab21e53ada301f93f02d555b2b0a101b01,1
0x8ca0e16ca885835668d2de340b70e8befe0dd792,1
0x6fa34d260152df28bd51cb5b872b71c7e3061e63,1
0x9ec5ff6400f6e683e739414e1251bd9d827b46ac,1
0xda89e82f4a41c9a71e06d23b9f8e84139cdb960a,1
0xc1aa83241114305f548ffcd558c4f7af7f15761e,1
0xf0b1dad0027b4ae38baaeb2878a64f9fd8a378e4,1
0xa68a163616dc9680f3cd3897b44d873bf8462db4,1
0xe0b17a7b6609fa841d7439ea6c5afe2fb07f8bac,1
0x02f55e0ee04d71f986d20b4adf12d7babcdb2205,2
0xa3e1b60002a24f6cff3f74e2aa260b8c17bbdf7d,1
0xd3129de3642b4b3843d085a7a5ea1d3a57f3f34d,2
0xb66af334ca5488cf45903e286ed9f657cacd50d9,1
0x748c546c3829c9d98138be79323335cb44dec403,1
0xd692a8b22adee210234a7fb00510e300411a8b93,1
0xa4112cdfc7662b57408e78dcc914c9c73db83027,2
0xec9eead7362052e1de67ecec304fa91a5b81e85b,1
0x179009d7fe50128ea6379ac8089115da770750a5,2
0xeda59c16bc5d895f59e743452b4893785e0861df,1
0x77c2e46be2480c695fe606928536b5661df729d3,1
0xf486f96ec79dae38a8d26bd1cc255c79c692bcf9,2
0xfa45c0fed77c014afe30dda59fa8d9c89f9d3d1b,1
0x9bfb9eec6b76f02886b51c60f2e694d97f1bd794,1
0x212962af7cd731a7322260911dfb26472f0d8b02,1
0xb32e83cc492639d4bba6dc9a78000140339c45dc,1
0x26b712242932ba4d43155e818aebadc8a7e94ab1,2
0x018511fb3754017b4befc357c35ee51481c711f7,1
0x411fef88b444d4479b6fe55127adacd6dfdff2f8,2
0xbdfc087a5c32f6b6e425697c1a19a10e378136ee,1
0x66029401dc14079a1b0cdbb77d6403cd2df27562,1
0x3b312a1496322f0c3633241d85a59ae0889b8150,1
0x0a3a1ec7cf57cb920c66b4b4e7956a0bd0234cbd,1
0x2b26da567c2a8c220daf91be8e37a429d33aef0b,1
0xf7103f07904e4ff30e503313a1f72e99269feae1,1
0x91da5d936bd664de32b50836ffb1a7d1a07c3147,1
0xe7cdd6583b674af8d10b89899b134c41846da0bf,3
0x8f207225d877043b07c2c59b819ec08993c71964,1
0x20037e3d76c84c94ab287c5905c0c3de3d985646,1
0x7981aa79bdb1a571092bb32e175ea37fff0f0717,1
0x048ffae5c45985805e5bed87e5d4ba24198f7bee,2
0xd3489ef3727b11f753d90296074a6e99c4cd8f64,1
0x6327d55fd1c5076df46210a65315e5d2c64262d5,2
0x2ddad7ba47cba5a1c0f305bffabaf9cfb374cd3d,1
0x47597e3f4e32157fd75b13ea6c017226d3f4c7aa,1
0x6ceb2707ade5d5091ca3545addd100f8db0eb995,1
0x14f4f66b990b1ab567204034ac2cd9ecc9825138,1
0x6e606c1fc7e03bceca15ceb3a78142b6fd234433,1
0xcb12737aa7cd15afbdbb0a13f01f0c278afdea9f,2
0xee4d567fd15dcc8723192ba67dd9e7fe44c35398,1
0xda60f6f99cea7fb4acfb3dfcb817691eaa41ba4e,1
0x1c4e90fc8bdade442aed58f8011db5a17a2e7199,1
0xc99642e8a172d07533d8b6b72c3eb52602d4af86,1
0x1e4ca1306016f718b2ce8b37b3435cb11b44c622,1
0x82442bbf60c88f3abaa44787c4f27534df4e5e2d,1
0x47888d77cde1985ff382bf2317167ce9997057c1,1
0x8b437d4bd3c5d73c5a8fa26ade78fa5770fd6528,1
0x163b2766d3f71738702623f3b6ea7455192f2e7d,1
0x9bf2df3e97a2a181221424ddc14b18400e94f776,2
0x63fa7a8f90d79d82413026e85ba03fb3370004d4,1
0xb61e953af5edff6bd1a2bbfc4a59aabd745426ab,1
0x83bfe1c10c97221663c8351a26cf56017b426f4a,2
0xf617c8f8a91e11283e17f0e33fe58e9ec8c85848,1
0xad36a2e01c713efb1efaccfaa10bf74ecdddd1bf,5
0xfca014e839412d465b05a8ff13910defdf1c4308,1
0x7f4c0959ef643bd451104269b1282543549c7543,1
0xe9afae023f2776ba7e6b94100c1b0bf9d125cec7,2
0x021d5abea6efbcd5dba2c8ae9237471448ea0856,2
0x8325aff2ccc014468cdf20f2538d8534db7a100f,1
0x28091d1af246ba29544a85ef6df67f6983d0ddff,1
0x28a0b8ca715ecb95fc7589544e0679593c33e8e4,1
0x67fd72b9e4f7500b1c7355c23cab581ddeedb3af,1
0x313899a86cf680f12112758aa09daf0fc75510d6,2
0x39f2f6633a9b8ca0b24874b55783f47395ba2f92,1
0x268335849210ed7fa42696732838a70024437d0d,2
0xc316f415096223561e2077c30a26043499d579ad,1
0x24561a39a0160e729eb5b298bf73dd3f7f9e568e,1
0xbaa73cdf060e57edc63646f25aff5e0f15e03d5f,1
0xae156f3c0d099181908ff8ca16596e189303e11b,1
0xaa3ae9b6fda3d5ff36a5fdf6d631432dee81a305,1
0x0d09298f24817c88d7cac3cc5a309ca02b866003,1
0x65585aa6ce156ccf814ce08e68c2a423f3cc4b93,1
0x4257b55d4334fdca6d2998c2627945cb26f92538,1
0x0b520863fdccd7e4758138e33307d8c9853dbc9e,1
0x342f4747a75faf8360d1c5b6b793b256bb7ada5b,1
0xe476c3a18fb117ecb16c986dcb09630bb3abe854,1
0x3058a0d5e8e1a7b15dbf13eb3d411ee3efea70d9,2
0xf283afbbad3d73cbd61f4c220206aaa05a70749d,1
0xf085231850f8a19c6009c9363e7849b2b50e4062,1
0x2e777a4f557c19a3f2bccf1d033c0cb7ea0722aa,1
0x31b87a9636dc5626a9c1b9aa730cbd17158d701f,1
0x13d0a5a9ad9df370ad8d244dac62131820e23362,1
0xbeb910ae193dc54411747ac236e67d221ff3f1d7,1
0x7e76354cd3dcaa8b73634f8c34b065fd87572e84,1
0xbd2117c74ea26b75ee4593d4e4622430c91a8e34,2
0xd8a75fa01e12afc0223b5b394e0a03d33a9589a5,1
0x44c18fae17e236c394d5c010e4a6a991280a7fb7,1
0xaf1a1214156791c00a5cf170b28392fa144a09bf,1
0x0bf3eac05867a71e76eff586f7c8a2c66c7203ae,2
0x5646889144dbb12fcdff5d644b5b44e7e5a89acc,1
0x1957d2ee1a2136aa4d9e023542ae92007ef1cf7a,1
0x79e1e271dfc23a709a874a3e2a18c75fcdd1b7f8,1
0x3f21e2f16da919846f4757e5c10998b91a79db31,1
0xbd65c36c97be77473926763e813ef697a70ca3af,1
0x2239ff85f256b0ad09502e6b757ad4c0a747a899,1
0xe43f9c3c4911598b765447a9f7a5c9ec075b201e,1
0x2b3e205b50a8358e0133c9aed71f693680b526cf,1
0xdfb88066f35ccb532a8a623660d29e335be07870,1
0x56476cca8013bdbbb7c14416f9b0bb7623f242f2,2
0x7f32cbc2483a40992cf98b4dd310a6f3b67e1bde,1
0xf837e3a96fa1020bd688be2b2dfc7bf2c6b25d52,2
0x654bf9ddd407f50a9b487e0ec032a34f7a8541cf,1
0xd04fec65b1f3a3d2d3b9b4b4b31984de39046e20,2
0x31cdb470154238d2d1075a22bb2ef3ce1fb093d4,2
0x351d842b9c811bd60f2b0fb038f898ddf3b3e492,1
0x1fe141b3267373239189db2bd9ca5753bc8cd2d5,1
0xe12d52275eb64ff18680aa2b081fef8b736cd66d,1
0x69cf9f3e1095b2d9b2fb8a50349785bc2f553387,1
0x930258d27bf4b8fc97d04df242b2b20f2db750f4,1
0xdc9096ec2e81fd5a94b52c69d5fa926c0dd6833c,1
0x0d7b38ae4f10859bcfdec42d46815974a982d6ab,1
0x8823a25809e29493ecd36403ea060b7aab33d3e3,1
0x491c7d47c8bc4535acff5b38e386bcd89ab6ce28,1
0x8d973b7f95966ebf51b3a07713137a09c49e7b08,1
0xbcadea8b602c0848b07f2a185177dab8f3df585a,1
0x06a963eef0ccd90817b08297240c60d579851f40,1
0x43bab8255629ef6a3a3e889d1a1402f8bcc87e24,2
0xd134404389ffabe543b8fcd76710a1e931014707,2
0x15b9a565dfc88965789cfb2ec0df685a25377c88,1
0x387dc443d9944f36b74fe3e6ea0eeb4e2a17e1ef,1
0x9c5948060fbd49e5e4a88ed489686c7a7c6e34ce,2
0x3f90f2d584f29e4826f1e65b80e44b40f2a65930,1
0x27be2802bf358a005fdf64ac0bace7c7bb0b8727,1
0xd97df70602e3a68a3f8d7528ed44073476bf8327,1
0x2d38bcfe171475d234a6fb855ee08cdd8418c1d3,1
0x576ac8189481f675a179ea96eaa8d8d03c490de3,1
0xfb25d6c6e3bfd334936cedb696866ee626081c6d,1
0x14e3851602229456ce6945deac915c9b2a132508,1
0x30cc98890f35558138ce60ff9ce9e60f16ad541c,1
0xb06716762d95080ef63b74fced62f541a48cd660,1
0x9cfee63c0fc3649322c76c08d23083e06bbf74de,1
0x98e8494deb48f06ad426555312284055623aa9cf,1
0x4a200760e862f72c3eae375e6e475848a27fd4e1,1
0x0fc6290791877b74a829d68bddaaeb4004fef9a3,1
0xb66d6f40f3ae44abee2a36397a87474e467a57a2,1
0x8b76765e574a9758b48638e2c6e44666daebbc8d,1
0xf6493ea18a01ca70095fcf35361bc13309ad22e5,1
0xb6b750065056f3db554f295f02300c38f8963aeb,2
0xee4b69b2c5e445bd892229f23c217cb7e269d3c7,1
0x4e52cface8c1f2e7754c6dc7052008f9495af972,1
0x176f4c285a6a05504a46ee861843511574471654,1
0x84593675ac14eef6bc04287e655305a79f460cb7,1
0x470c4462c67a3fab03901b81c0b96909f8330ca6,1
0x38f8879d6ac75ac15b5d1d6172730c596837c28a,1
0x2a4e76d24e51f8d25f4de6313f767f2df8b24dfb,1
0xb851ba14cdd62e86c381104ff433df2efbcad2d0,1
0x8614047aa917ea7d568fedaf3b6616b215a427eb,1
0xe61ddda32f8eabb2f44abd43918ce4872f023105,1
0xfd746829b98f254cdbbefd886827d721f2b89aac,1
0x1cbd934eaf49fe310ba4e27606029c9def0168e3,3
0xe7d0464315faa9ffb8f2395f86e5ae02fbc146e6,1
0xb95ae24de956520242657f99032ceb88e55d9d75,1
0x865adddcde5b0210f6aa8dd83dae064863b3029e,1
0x0dee035f1341c43bbbb22405572f7cb0f4bcf551,1
0xb84d4688ddf3a79aba218bc915cf3600a40c5fb8,1
0x0374490b04a17962cc02e887eb1d74974893330e,1
0xa8ee840557eae9c47d380d499c3b4a7a77d94ba1,1
0x1e1005d9952e7a74c05066d5256cb399d30247fe,1
0xc39c214ff6941547734a20d7118b244ef89a700e,1
0x8e3c8118f334d9c22adb01f469900a6a9ffa32f7,1
0x2fb2063fbb71ae2d62dbfe794a689bc8f9cf1f08,1
0x08800e6da40a282c6ed4d532f1b96a172f5ba32f,2
0xd82a65975248561c1b2a8c6dbc734fc9df958cb7,1
0x5430cda23c13f9a104fba9ce02b45b8684a9fa91,1
0xeb809413812f68b33c6d11ed0b68b8f589ae17fe,1
0x13c71ebc307de848b0b1125f7de9cdd56ff4234d,1
0x5efc7641e16e1c53310d8180e7bfc9a7931470e8,1
0x03d61b469033671ee1d2335c2bbbe9ba9319f869,1
0x12c70f9c2afc7fbe4a359e08a904ae8ccac4b6f1,1
0x08ccd3684a57acd5eb2cebd51caf88c75073b23a,1
0xcd47d7fef3b9209510e8dcabc4522403710290b2,1
0x49f29f02947f609f1b3779a293b106215d4434d5,1
0x8689c34a0a4833d606c07303b657aaa2c0c14e6c,1
0xad730d8e730c99e205a371436ce2e5acfc38d7f9,1
0xf9ece76ff4646d667475ecfb9e9f4e9922f929f2,1
0x812b9c3ea2c49bec95d0bcda4db39513baaee261,1
0xadfbf9eccee2c330d7a045fb5533b978ff5ff2b2,1
0xc64e8a67657a8644332cae43f98dac6cd890ed1d,1
0x9dce3db30e56eb2928eac47424f5324e47d44816,1
0xd2ac527d6f068ecfec13a5b9c648282f841d2680,1
0xec8dc81a3ce52f45b6fa3c5831956d966eb20156,1
0xf7f22326df75086c8e3d92fe4f129e4ccbc75b42,1
0xd288527a0ea061f2e8b26adece817e54e0e33ecd,2
0xabd3a49b115f9936699c81521845faa751950fd9,1
0x058af1ca7ee513ee2aebbd99f24eb7fb03a4f55e,1
0x4b63c891aad2693f25cfc450be62170637c42ea9,1
0xe3ebf03624a843517b6033f1efd5a1885a61285d,1
0xb4d8063b3446cec0c536208807241767a0ea6d18,1
0xcbbc5d06be48b9b1d90a8e787b4d42bc4a3b74a8,1
0xe3b9878690b92166cf4ab71e6935bb4ecb1ee83a,2
0x6291d74b5b3d4a09368cb9b5ff5e183e8b63f923,1
0x5ef244d9c5e11df391a5bcbf215631ba60ec0f8d,1
0xd44bd5996ce9e6d1f01388878ed02e3ceb49925c,1
0x8ad29a087253ec7b6b51689570036b3c5d19e8c5,1
0x544cf471677a51b41caa6c07431ffeb30959df7d,1
0x90a25c49e86e53f873937fe43ad840dc595c7cf9,1
0x999aa3fba41b60c26ab75900adaaff97feb87977,1
0xd26a2bd8a59ea00bd836142cc6be9717361a3b51,3
0x19c0de07420b55e7503b836cb334f3b6faaa43a5,2
0x62095bd48442e556e92df62b2d5e274f02a1c447,1
0x10485fe2f23afaa8a85eef091b7233a600463c52,1
0x93bc83dd3f72829bb92b92466bc23e44e9ef2de9,1
0xeee5e9780a185d059edb734749f86a451fab507e,1
0xc33bac3c568039d5196f0b0faf9b98d9ea26a97f,1
0x6f92880bf5c195a8bd7eb7b32591bfda190024e5,1
0xaea30426f67d98db2208992242653fa0c6b272b6,1
0xcffd2f241df2c64b40bb0a803eb0c306795f6407,1
0x5c17062fee6fa12b03bc3925cc93291dedde6280,1
0x7a952d18ea77d12615102e62513888e207874772,1
0xe9cea9f71e993371c40c0290e7b0804c3936eaed,1
0x44d2bff35beb10b6e53a4bdb16595c6b8abd2f2e,1
0x10dcf07d7839b5c855de3ade08a7c708158091e0,1
0x1be3edd704be69a7f9e44b7ad842dca0757c1816,1
0xce255c673166faf7e5fc1a030375ac6c1d46f267,1
0xae1fd3d7321b7a15b0b13a9b00e315a3856cfdef,1
0x5798d5e2f89815b41aa4e40438649311a0181255,2
0xd1923e195695c4cf5e2d5c7eaeb417815e3ebe23,1
0x2f2d8d26a2eb43b37000c3b0dd565705d19b4833,1
0xd7932d21581690fe414f930585989de2a7397495,1
0x3c2d6d7144241f1f1203c29c124585e55b58975e,1
0x462c52c52b56f94fbcfd0fabc34df1e20c0e4488,1
0x34bbf3b83f82342f16ac3c5d7d3256f9be9441bc,1
0xd6e3bd241d8104fc21be746afb61671d1d784266,1
0xf670f4451fbf4430e58a65119202c0773a60b24e,1
0x47a6b229aaf701ae7e7dbbb2d814ae7418876bba,2
0x88e598603000c3cdb51c847767d9ce53659ae471,1
0xf3f5870c497c53dfab4cca55263d4c446e1d611f,1
0x9ac030db3f784f1973b8ef0604b804e89d9b7017,1
0xfe9768b8b1303c22e667319706fca808014adad0,1
0x58dbe4507ce46ce0e9e74f59acea61e89cd0bde1,1
0x1d853ca0517bc378a0d1f838935e9d4727657f59,1
0x5d488cc1e19d19debcfaa17bec2d525616e06a82,1
0x2c3d636f7adc34dcba3d787727a6b2225f43c3a5,1
0xdaf6d1853b44ef096f9daa5c4edfe888877ff650,2
0x721ca5428ec12b148b34458e0f8557f4c9624630,1
0xe032411873697228057e8bd48cc7a3f3985f2d94,1
0x3bf43a0029566d707757f95c6021109cdfb98c64,1
0x055a5c5a0573dfc87878a1b9fc529bb7fe29d22a,1
0x4437ff6232e662184154a615b4ef441960eb2a25,1
0x7f2466ae8badee7dc0109edd0b6dde08c432236c,3
0x6bee4079849e1993bfdab33ee5392ad821798618,1
0x8df3e0b89ceff88af367c17423e4ef2f3543a8d4,1
0x35a0725417500e86899015852b2b64b1e5a507b2,1
0x9a59ffa20485c4ff5189bca47ce3f98ee1cabe22,1
0xf58c59cc4449d7ac0b8f5aa991b0884c660830f0,1
0xf3969405c3acd362977d0e93085a9f7df39547d8,1
0xd173430d59369cc0824da04bc160509d5da6216d,1
0x46cf88dc3c2b9489362b74f19eb14a5aaad85e42,1
0xf68a9a0ed0d9ddc033e38f3a38e014eff343d591,1
0x0fcb8cba72de5f8204138948715645e1e7baf820,1
0x5c79613545f5575c17b3b3ad28489ac4cba4ad36,1
0x9467aeb487cd33224978bed2487bc44b8c338189,1
0x3f0e5dbc6093e8773f14f0186ffe32f733c34ef7,1
0xb6af0e59e41f75552af00138a9f62acaef2b6254,1
0x89923b2b5130bfe15252d24a37431357e708c3e2,1
0x331338fabaddf536c78958f4e0e71bc80d5dd655,1
0xd5e47a94974b0a06be2723f27ba79377959c4553,1
0x41f6d098eb907d551f6107c166f14da00cb8eaad,1
0xc03c79d25a4e219916dbe36e428efca9ee6cbbdf,1
0x7f53661b66337ba2c51e2d8f1d7c51ddbf2a5057,1
0xa8016085ba25af506015cb82f3545a288e6b21f0,1
0x88b8073739f867126c96f392512ddb34ef3a350e,1
0x3a82855d32d28c7e72dba8d8393c4ee4197796e8,1
0x9eb04f2b366419c806f25317a5ac24d77ad9648b,1
0x9f1700829173c67c49a3d07dca9447c121418cb4,1
0x7aaee144a14ec3ba0e468c9dcf4a89fdb62c5aa6,1
0xe198ec8392b67449866b749be548e0ae36d75f5a,1
0x0438c571f0c7006f47560fad75eeb6213d512f7b,2
0x41d535bed61340f07afdf505dcf75890c6abfd2f,1
0x439e9446a4cd19201f5ab3fe078a65adf2e2b1aa,1
0x5f94d32058fc8067018e94e508ef48c1135e53fd,1
0xcf6a6dac79e0da7a41657b961dbce14da2c958f2,1
0xa5d8b626657ab5712d7a249dc8ffb42d89b8dbd4,1
0xb924a76de9ef3e9f807ac2547ea791bdfc5b20b8,1
0x6e83fbea1b81c18c81839a39ff21057ba15cb1b6,1
0xe3c2881d0c899a44e610b0f6ad13e5a240eb2891,1
0x56886d24136d6a0145e7fcc75aad1cefcc4db8f2,1
0x1684be2eaddfa77387c25402bc83f0b6441cf02d,1
0xc74153ee0870e284c568d5d7d90294734e1186cc,1
0x228bbb661ef183d80cec32a04c3a91f9151cbebb,1
0xce2121368310bfa3af7cd17750adabf85646d5c9,1
0x97453a0b667cc52b52ad829b467b8054faf258bd,1
0xcc596bc6753cb82e4383b83bda25b1133a84a5b3,1
0x701f1c181918d3e115f1abfb37925cde6cdb1797,1
0x51d6e077236dd626eff19ae05055b875f018f21a,1
0x3f28f96b9ef0e0407cc8ed85f1807f17c457a865,1
0x904ea19e60901ec910da1e42f11c6f7720c24936,1
0x4bbb94f56b5f138ad759da8e0e6f8102843f24a8,1
0xa1567cb14e0b8ef534055ca221f379317f557916,1
0x11a1ee668c9505d39cd8a4aa94d2fa664ebbec7e,1
0x385269696f8ad66fa463b25ecb59b236763b53c1,1
0xa68316c9a22594caf0942fb07ff4d976927cedfa,1
0xff1e98dfa20e8e10f65f3cde52a62f71882a4f9c,1
0x358de214888762dfed821118c38b7abb743dc2d7,1
0xaf92eb3777c7fc7cddd0665af291018af954f697,1
0x541fce645c08194998c07019a2b8d96629e134be,1
0x6a9df7f165f298d141ec98f41fa88f1ed36b32ab,2
0x8a53a69f5d6b406810c283387fdcf459746eaaad,1
0xdc5da7d2119ef2a3da3794c28e37d81e60d77336,1
0x2f949937821329172fe95c8178151c7935f0fba2,1
0xfe6452534415bcb1152db84b3ee246921a0199ad,1
0x89a536a12e41c05675f82ed3a75fb45492237e72,1
0x55cd3aa91384501b59d1b8e7796eeece52e25a14,1
0x42aabd3a2f2b64a44b99e0ab025657ba73b871a2,1
0x5735b2322eef99f7d644c5c12e0a27048c9dd843,1
0x91708ad3c4c8c060facf2900b508e030edc26c61,1
0x92cc48f8c099eb6f02fb113bf1b189a648eabe7f,1
0xd0ba237c3deb33db6df9508975474d3d48c31d3b,1
0x8325aa9512bd5b0886d7449499c464db21947685,1
0x66a3b167f4cc8376ddd42109e07649ce7bea172f,1
0x193414dc8d16477423ed27c0442784c9592799f4,1
0x36a51c5739426ea4fc35f774f9838d43186a700e,1
0x17ae207b6f7548ee5d3ee2bc2a8923ab384020be,1
0x0979667dba025217d24187b959a186f05d4acc37,1
0x3317b15136eaa9e17ffadad0aa911fb8ec37e769,2
0xdcc555b599aa2c76ed740ec7133f3d4cf945d4b0,1
0xae92bf651be024f0ac2b481f78842b23403cce97,1
0xce6e27e298bd6024e91be5028762d57d857bb5c5,1
0x7536542f351384543c9fd340a45e841881be3ee9,1
0xbc09d4f775ecb40ef869de333724e96017a57cc4,1
0x196d7691766032f704c0c7ad1215ec42fa7b4eb5,1
0x053e6294400a9268e35df445624f58087c7f388f,1
0xeff51a66e0ae48baea284c544fb9b1fcd6df023f,1
0x3f1b1af91538ad424fff41f9495525265e87e4be,1
0xe101178b909b7fe4b6b829ba174b73a35636b1a7,1
0x9bd3da55d61ac1dac5f8691de2f05697472c3b45,1
0xf7cb62bf544513be4d013f742f70d842c48633cf,1
0x0bdf33017575596d5bdebeb30d1b378985bd4f5f,2
0x68024d7f576b8c67f68cc23cd261c7725d37b598,1
0x657cf7bfc2d4616e8f971eaa9d360c521bdb691f,1
0x6e23f8d4cc3af46596f80917233def2a097d51aa,1
0xb7ecf9e8167594c8145d16449df72e1eac38a0db,1
0xf4d401922daeaed2a3d3f624dd14064a9e92b02d,1
0xfee069692c5a48ede946900ad8ddc13e76ca2f3f,1
0x821d3322368eaf72496951acdd8339f877325796,1
0x4614a6cf30039003398d8c6cc63b41d217c07b58,1
0xdeb6950588eab4250a3680754e4e7965afb85dfd,1
0x44b70ae56fba516b7468e4996ff4b8005d09d1b0,1
0xa0bdf16f3c91633838ad715a4bc7e8b406093340,1
0x651f2f9bc2541b6beb4b13d8490ef1a318da449a,1
0x912484f681a3039eb0d76b06f7240dbed4dcfd42,1
0x0ea64349b70048ad983ae58936cc1417963cbb5b,1
0x5ee83ce6eb9dcf15c027cd356ed76310f06ccd21,1
0x43f8126ce050add2f15ab7cb60c118a3b3403231,1
0xf206132139ef98d18cc740e31aaebbd0ec1d54a1,1
0x87acca6a2dd79aa6549618da3fec51a25b0b286a,1
0xcd462cabe78138bf0251344c22b2902cc2309fce,1
0x6e1caf67aa16f36260a4f1c9cacc622dd7a8b1fb,1
0xc7479be2bc6cf787d79da2429ab5ea754a7ea250,1
0x0a60856ffa381971657398c17ee90063bca3a9b6,1
0x560a2edd994f2ba4883cdf8e0d164558d8c803ac,1
0xc47fe089d477696b7b15542b72fee8868f9915de,1
0xa419489219dc5fa1ecec3749db45767aa9f8e912,1
0xa0dc11212c84a76a31dcbf2977dc7948d741d546,1
0x11a5e4f71bc48a7f651eb9a3f4acfac441735693,1
0xe21e5be8aaf440d16d55a2aee181bf48d24f922c,1
0xdc1e9a21b7ed8dfb87c997e7d0405e2cfcfa8938,1
0x18cdd01e3d3fc307f7fd02ca979e93dc2c4e7c65,1
0xe699e8334d901986d9ff6bc5ae4b44ae5122f1ee,1
0x0030b9f1925408d79be83c7cecfffdbacb638e9b,1
0x9bb1a5122e2fabc2d623886b9db18f08fee9412d,1
0xf98f3faabc33db5d781ba5a2da687a1332d1781d,1
0xa3a7bb2f55d74947eda52f3e82701984c250d8dd,1
0xcb483cf87ce4827c582acd3809f3a3a7ef3abaa2,1
0x70de37fd37b43ac5beb9c20e9d4af5bbdc62feb9,1
0x9c0bf9735585c7869fe384b8f92344055b1d7d26,1
0x87a6d196177ab8b800bbf4218f6dc382920fe39b,1
0xcf41142ad633435b6d74ee9f969a6a7b122822f2,1
0xbdfa4f4492dd7b7cf211209c4791af8d52bf5c50,1
0xbecf6549f58bb594c81190ffced0650c9a9113eb,1
0x8830a1ebc4c93cdcdd817a4008d0e7d6e0493093,1
0xc5f6a629061b82aed3f9510e941caf212a762e11,1
0x7aaea3481d9ebde9febbe43a6a1a57402924e77e,1
0x45a5f6c9372ef4644f5c45dab0b1a7619f4cf981,1
0x393c2e032288b996c901ef207ccdf1431c3283d0,1
0x7d26390b88b550c2d4fda13b47d06211ba87263d,1
0xbaf0ce3ed7888ab21e028ca421664f7b6c8a3eb2,1
0x2eccffd5c709830f440912ca911e37e6043fefe0,1
0x49a34a558158707973b4a576da69305a97e08a74,1
0xd4f1c64843171e3f32e5cb06474c1a3a92825951,1
0x3228128f80584148c41fddaddab1226e9afc2803,1
0x0c9c3ba64072eb566b0e9a4b6bb0d7b204d68469,1
0xb506c02f6b5b84e630e21b56347f2ec1a293b29f,1
0xb793bc742d081d365ba5980b0a0cf7b5a565c476,1
0x442d3d1b31ea69747058ae86e05cf724702c3624,1
0xb7f4c2e7142f64cc11fd63ca0488484fb7576250,1
0xf1061834207114d77211272624e6e6dbb741df3b,1
0xcc52f72c0813e1ada3e4acacd57d7ffeca3620ec,1
0x11e89e20716ec67ead15b832fae0f1bce439e0de,1
0xfd127bfe364268ef888c77ac65e587de176543a9,1
0x26bbfc077c8c314c86e0d47c94e6abc5c5e7d5e8,1
0xd90d6caa8e34ded90f4ff8a97b131a33368a55b8,1
0x26b9e53371098d0f30029d70a9422efd2d9ef1aa,1
0x70602ad4cc2cffa5b5caafa9bd0a31a81e7e014d,1
0x8d83156e48552c5b71caf6baccb119cb66547e6f,1
0xb5dba2f9d7637c95fb2a368dd4f286f062fbb4a4,1
0xd8868daef60feb03842bce70d13e3705966306e7,1
0x8aa4fa8a48fefa1e3b7d8a97aa6c228f9ff3b916,1
0x89ba9d1894cd0c226b123c60f8310d80430cdafc,1
0xb85512dd1065d5086aed777bd8d7d5e1becdc2be,1
0xe88fd7f54fae5c55bac669edaa3d9ebdb4715278,1
0x5f640171d89ab59a1ea76ccd47b10a278cc15ac4,1
0x753ac33e53a1c56c68668487e45b09488fd0fb26,1
0xdaa598a5597ce26eaf88706672ed894615a82a70,1
0xd5b54e64991b6bd2e805023e881b2526422b9239,1
0x5653bfb10e5b90883f9f534f373d364c16a4509e,1
0x629898596dc5f16c31af69382ab7985654332e78,1